clase,ndvi,ndbi,scl_pct,lat,lon,PC1,PC2
contaminacion_alta_NO2,0.6391866207122803,-0.21137773990631104,0.9970703125,3.586883097960867,-76.44483404800009,-0.8612477832129024,-1.4787914169666208
contaminacion_alta_NO2,0.5353635549545288,-0.20923039317131042,0.48583984375,3.5950577670463506,-76.31709361459646,-0.7463428405927098,-1.4100239609918939
contaminacion_alta_NO2,0.12360535562038422,0.16643568873405457,1.0,3.416113362449826,-76.47825137656982,0.06538471235192332,2.724082622751206
contaminacion_alta_NO2,0.6504279375076294,-0.199527308344841,0.96142578125,3.4953447705091305,-76.32428013686952,2.9307279176953576,-0.11362287240497702
contaminacion_alta_NO2,0.5007303953170776,-0.2786976099014282,0.7529296875,3.59173400049511,-76.4503137712333,-1.3142307534840885,-1.3651555717100972
contaminacion_alta_NO2,0.6855624318122864,-0.15610027313232422,1.0,3.3188258171797274,-76.5330486089019,-0.5965992344188976,-1.3499527014613972
contaminacion_alta_NO2,0.21753567457199097,0.10982741415500641,0.892578125,3.4595019906727784,-76.46792075080229,0.7141065454710256,3.1093206191656098
contaminacion_alta_NO2,0.6149910688400269,-0.109434574842453,1.0,3.3545787654876675,-76.49603801919564,1.5569702740115436,0.7650136373796518
vegetacion_densa,0.6140055656433105,-0.21781203150749207,0.958984375,3.4603104744284856,-76.5988951192288,-1.7014419008139594,-1.220932500617261
ozono_anomalo,0.3359439969062805,-0.18823972344398499,0.302490234375,3.5632574059885345,-76.42013037768645,-1.890076422662534,-2.884248919228442
contaminacion_alta_NO2,0.5589864253997803,-0.08371827006340027,1.0,3.4356068041152104,-76.33173615372782,0.20208480446798538,1.0098381695629495
contaminacion_alta_NO2,0.26423656940460205,-0.036613501608371735,0.67626953125,3.4285999448990814,-76.54697249580595,-2.9274854336871297,-0.2459051778494942
contaminacion_alta_NO2,0.07347488403320312,-0.044491417706012726,0.35302734375,3.433091521319677,-76.46980721289897,-0.6222375033152934,0.8306057075837839
vegetacion_densa,0.8022105693817139,-0.2977258563041687,1.0,3.3354446499359307,-76.55900992061332,-0.6319947552991003,-1.5294832686597175
contaminacion_alta_NO2,0.7162836790084839,-0.2570926547050476,1.0,3.3058900770884123,-76.32490895756841,1.9908293236322834,-0.0834755374695354
ozono_anomalo,0.25667962431907654,0.009330605156719685,1.0,3.5443029534936215,-76.49738549212184,-1.4233583892035935,2.498193084026459
contaminacion_alta_NO2,0.5048578977584839,-0.028880171477794647,1.0,3.3134359254750128,-76.30550534743115,2.2616491907887917,1.5072451477964928
contaminacion_alta_NO2,0.3427101969718933,0.02204759605228901,0.859375,3.6158986816379137,-76.38940799496912,-1.3618540657173803,-0.3223208764462818
vegetacion_densa,0.6717327237129211,-0.2172459065914154,1.0,3.5702642652046634,-76.33955149669977,-0.9335845475410461,0.340116902918395
contaminacion_alta_NO2,0.2359819859266281,0.04389050975441933,1.0,3.505944890861736,-76.51849590129895,-0.783594617608194,0.24769501307023026
contaminacion_alta_NO2,0.36700862646102905,-0.05749938264489174,0.716064453125,3.3935656488184365,-76.39003681566801,1.2715509233409812,2.169798397629813
ozono_anomalo,0.47095680236816406,-0.1872151494026184,0.516357421875,3.390062219210372,-76.58542038996681,-1.3866258355564665,-0.7866823864026876
contaminacion_alta_NO2,0.43235141038894653,-0.025740541517734528,1.0,3.520767093049701,-76.4407916292215,0.35969548308002935,0.6555355812529741
contaminacion_alta_NO2,0.17598509788513184,0.04933236166834831,0.525146484375,3.536846936635433,-76.31251220664738,-0.7915854968353231,0.11119388757823866
contaminacion_alta_NO2,0.48744460940361023,-0.12751932442188263,1.0,3.4753123396732746,-76.4747479469617,2.4121445781767643,0.8071840743872042
vegetacion_densa,0.7721076607704163,-0.3715199828147888,0.5087890625,3.5510403181245147,-76.60176972813802,1.0725353197095595,-1.5660881410831704
contaminacion_alta_NO2,0.25824275612831116,-0.0241991113871336,0.31640625,3.3834146861078906,-76.44707983621042,-1.978427337154256,-0.03500756980371532
contaminacion_alta_NO2,0.7184208631515503,-0.18802744150161743,1.0,3.312178284077246,-76.54355889772624,-0.8756691040303364,0.7109461011048959
contaminacion_alta_NO2,0.5264559984207153,-0.11121894419193268,1.0,3.601705300148832,-76.47897002879712,-1.3525082045877383,-0.5871018592830446
vegetacion_densa,0.7272449731826782,-0.3210489749908447,0.846435546875,3.4753123396732746,-76.63860065478745,0.3274642257010342,-2.532621161865687
contaminacion_alta_NO2,0.5636240243911743,-0.14527763426303864,1.0,3.4416255165188083,-76.45597315752333,1.6776571915518472,3.593642292746827
ozono_anomalo,0.42247867584228516,0.042002882808446884,0.55859375,3.5961357453872935,-76.42884403594253,-1.8678965381863355,0.8029659284352282
contaminacion_alta_NO2,0.7765849828720093,-0.31511741876602173,0.93798828125,3.3577228689820844,-76.61075288097935,0.10723501275008518,-2.652026740193733
contaminacion_alta_NO2,0.7497196197509766,-0.36729758977890015,1.0,3.5900272014552836,-76.44195943909087,-0.4299232166886507,-1.4157646011782954
vegetacion_densa,0.7890417575836182,-0.3755776882171631,0.99951171875,3.584727141278981,-76.32589710438096,-0.22894084741176146,-1.4730163168350583
contaminacion_alta_NO2,0.4794004261493683,-0.20012295246124268,1.0,3.4983990424751354,-76.4862463825986,1.6343716664863126,1.9515034318774571
contaminacion_alta_NO2,0.6391111612319946,-0.2344427853822708,1.0,3.560921786249825,-76.37278916221267,0.44741741145428476,-1.0457847498369293
vegetacion_densa,0.721652090549469,-0.19978421926498413,1.0,3.48779892212253,-76.56709475817051,-0.8345951976495156,-0.07184115458400453
contaminacion_alta_NO2,0.7088165879249573,-0.3136981129646301,1.0,3.5320858656296017,-76.46441732119418,-0.9156510931028788,-1.715333036042689
ozono_anomalo,0.4665067791938782,-0.013886052183806896,1.0,3.3837740122215383,-76.43854584101116,2.043052579009727,0.7710250343836509
contaminacion_alta_NO2,0.5019518136978149,-0.04421812295913696,1.0,3.5473572254596264,-76.50511100356537,1.7197519254406635,-1.0697487589827956
contaminacion_alta_NO2,0.5743274688720703,-0.10730525851249695,1.0,3.3157715452137224,-76.34844481801268,1.947451006589836,0.46230370586461633
contaminacion_alta_NO2,0.36051779985427856,-0.13475856184959412,0.74072265625,3.552836948692753,-76.49091762207608,-0.39620145335858087,-1.8561213745226097
contaminacion_alta_NO2,0.593298614025116,-0.1127254068851471,1.0,3.4643528932070216,-76.56188452952254,-0.6894371408573965,-1.1935016346970633
vegetacion_densa,0.6077603101730347,-0.1752096563577652,1.0,3.3047222672190575,-76.39030631025325,1.044712111669013,2.2569708480176196
ozono_anomalo,0.7395554184913635,-0.2276543527841568,0.996826171875,3.441086527348337,-76.59018146097272,0.29595641605587064,-2.042443918767619
contaminacion_alta_NO2,0.4802923798561096,-0.06141604110598564,1.0,3.4993871892876665,-76.44366623813072,0.877686867580348,0.7996396116582718
contaminacion_alta_NO2,0.3270624876022339,0.047459907829761505,1.0,3.4695631218549123,-76.41276419235656,0.6600545922357508,0.998983562278355
ozono_anomalo,0.3401278555393219,-0.08908389508724213,0.40087890625,3.362034782345856,-76.53771984837938,-2.2957908413199077,0.879194210777027
ozono_anomalo,0.6208118796348572,-0.2483992874622345,0.9765625,3.3937453118752603,-76.34592953521711,3.4042509500061304,0.23960869626303682
contaminacion_alta_NO2,0.6457102298736572,-0.28907322883605957,0.69677734375,3.425994830575136,-76.45049343429012,1.8272608293135413,-0.022071962118701254
vegetacion_densa,0.6882733106613159,-0.08544869720935822,1.0,3.3205326162195536,-76.50385336216759,-1.4400004912068471,-0.4997016646439292
contaminacion_alta_NO2,0.43355512619018555,-0.08020961284637451,1.0,3.3284377907198017,-76.46684277246133,1.6480054609548422,0.5708437114330462
vegetacion_densa,0.6703428626060486,-0.18019548058509827,1.0,3.610418958404787,-76.62925817583248,-0.6563847045867868,-1.3245096821980475
ozono_anomalo,0.5458272695541382,-0.01015249639749527,0.953125,3.5081008475436217,-76.32877171329018,0.5866815306414389,-0.6099553610427194
contaminacion_alta_NO2,0.2429220825433731,-0.15452860295772552,0.309814453125,3.536757105107021,-76.3709925316444,-1.3530871453086812,-0.045049061029971284
ozono_anomalo,0.6309167146682739,-0.27464720606803894,0.76708984375,3.447734060450818,-76.37880787461636,1.6135520861112256,1.267936128671969
contaminacion_alta_NO2,0.8067190647125244,-0.44117075204849243,0.97412109375,3.431025396166203,-76.42596942703331,2.5645265383838365,-0.09282079619632887
contaminacion_alta_NO2,0.7892266511917114,-0.3319762349128723,1.0,3.434977983416327,-76.37898753767318,2.011873360408402,-0.104498156001062
contaminacion_alta_NO2,0.44872888922691345,-0.05069999024271965,0.970703125,3.377216310647469,-76.51454331404877,-1.8920862070763769,-0.3801618848338373
ozono_anomalo,0.5606902241706848,-0.19389468431472778,1.0,3.410903133801935,-76.42695757384585,1.2342800846130497,1.7161662381155176
contaminacion_alta_NO2,0.6052818298339844,-0.14011865854263306,0.828125,3.5611912808350605,-76.55541665947679,1.895965036134522,-0.7677564958214741
contaminacion_alta_NO2,0.5028506517410278,-0.059755466878414154,0.882080078125,3.5903865275689313,-76.50367369911076,-0.7088627588581381,-2.6006363794874745
contaminacion_alta_NO2,0.287075936794281,-0.06698471307754517,0.39501953125,3.4392000652516868,-76.56709475817051,-1.3200997909450403,0.7702644494544767
vegetacion_densa,0.7174925804138184,-0.22073572874069214,1.0,3.5841881521085095,-76.41105739331671,-1.37890313019147,-1.1550071852236332
contaminacion_alta_NO2,0.6322152614593506,-0.19545643031597137,1.0,3.374251870209876,-76.32050721267616,0.9863608310551012,0.6042680109278695
contaminacion_alta_NO2,0.7438867688179016,-0.3328636586666107,1.0,3.577540619006028,-76.37018404788869,0.6315872173603008,-1.8541716055107824
vegetacion_densa,0.7702294588088989,-0.4003623127937317,0.9873046875,3.5863441087903953,-76.39416906597502,-0.5259647999145487,-1.597528216932194
vegetacion_densa,0.6599738001823425,-0.27413254976272583,0.94189453125,3.319274974821787,-76.43567123210194,1.8552924148904208,1.7382413350580006
contaminacion_alta_NO2,0.6966626644134521,-0.2974800765514374,1.0,3.588859391585929,-76.37144168928647,1.7449098004973276,-1.2465783296623834
ozono_anomalo,0.44446712732315063,-0.0291556715965271,0.7998046875,3.5072025322595026,-76.44276792284658,-3.4952997591799426,-2.567438753430558
ozono_anomalo,0.7476956248283386,-0.31947630643844604,0.5615234375,3.49390746605454,-76.3777298962754,-0.3025509791508524,-2.2211596415575934
contaminacion_alta_NO2,0.41611015796661377,-0.13217614591121674,0.7177734375,3.467946154343498,-76.43504241140305,1.464728818394686,0.666577834829678
vegetacion_densa,0.7753779888153076,-0.31003397703170776,1.0,3.589488212284812,-76.58820516734762,1.8753920123817605,-0.7158295759963816
contaminacion_alta_NO2,0.4166637063026428,-0.19491255283355713,0.5771484375,3.602693446961363,-76.45264939097204,-2.320753195791073,1.175065484615366
contaminacion_alta_NO2,0.20370839536190033,0.06337817013263702,0.877685546875,3.4833073457019346,-76.48669554024066,1.232881009344998,3.1333642569059332
ozono_anomalo,0.2729380428791046,0.05490710586309433,0.998046875,3.4133285850690567,-76.46720209857499,1.5418654918948596,3.2296373029475554
contaminacion_alta_NO2,0.42026543617248535,0.013822905719280243,1.0,3.5660421833693037,-76.44070179769308,-0.1782518721259605,-0.721767701003293
vegetacion_densa,0.7649075388908386,-0.3727991580963135,1.0,3.5992798488817104,-76.32652592507985,-1.0113541952321234,-0.9052439496603089
vegetacion_densa,0.6517572402954102,-0.2526293396949768,0.986572265625,3.479085263866575,-76.42066936685693,2.3026898012024275,0.23509939382361023
ozono_anomalo,0.2773515582084656,-0.014256018213927746,0.64453125,3.3956317739719104,-76.53232995667459,-4.123774445664121,-1.6916673335299655
vegetacion_densa,0.8339963555335999,-0.31146320700645447,1.0,3.5394520509593783,-76.59287640682511,2.409022556812535,-3.414352361774654
contaminacion_alta_NO2,0.1622302383184433,0.10723354667425156,0.59375,3.617515649149328,-76.32481912604,-0.40251458954580693,1.012849195168493
ozono_anomalo,0.4097242057323456,-0.01897674985229969,0.9873046875,3.6031426046034225,-76.39596569654329,-2.435227450590861,1.3392687890142996
ozono_anomalo,0.36282795667648315,-0.18576137721538544,0.417724609375,3.586613603375631,-76.45678164127905,-3.7656820233452297,-2.7668644998492025
vegetacion_densa,0.7434356212615967,-0.30280715227127075,1.0,3.3204427846911417,-76.32481912604,2.745266526309053,0.7076340944561933
contaminacion_alta_NO2,0.5518375039100647,-0.1221035048365593,0.9970703125,3.523012881259999,-76.37853838003112,-2.106416654139274,0.6678654461551
vegetacion_densa,0.6727977991104126,-0.2709958851337433,1.0,3.3557465753570224,-76.31969872892044,1.7383098362659102,0.7420143590646014
contaminacion_alta_NO2,0.47871243953704834,-0.06780575960874557,1.0,3.553914927033696,-76.35428386735954,-1.3224166024122452,1.8012264903210027
vegetacion_densa,0.6388986110687256,-0.2652059495449066,0.933837890625,3.6049392351716607,-76.60518332621773,-0.5431173869801182,-2.0272516232089
contaminacion_alta_NO2,0.2576620876789093,-0.01531902514398098,0.3671875,3.4825886934746393,-76.44465438494326,0.8242178559189491,1.264608374440949
vegetacion_densa,0.6499027013778687,-0.20554670691490173,1.0,3.3984165513526796,-76.36299752561563,1.5147010650248245,1.0943003618782823
vegetacion_densa,0.724108874797821,-0.315984308719635,1.0,3.3137952515886604,-76.48930065456464,2.0444749254944448,0.17825893777780216
contaminacion_alta_NO2,0.18520736694335938,0.05534069240093231,1.0,3.538643567203671,-76.49487020932627,-1.0862357862565557,1.1219770020068904
contaminacion_alta_NO2,0.6274910569190979,-0.17691917717456818,1.0,3.4696529533833242,-76.3309276699721,1.4566097563028175,-0.16851798746158894
ozono_anomalo,0.2946839928627014,-0.15141496062278748,0.35205078125,3.4595918222011903,-76.60913591346791,-1.0240173458902135,-0.5038614234806639
ozono_anomalo,0.5169904232025146,-0.03563888743519783,1.0,3.379282435800943,-76.35904493836544,2.475150134514369,-0.21828937923048092
ozono_anomalo,0.6998961567878723,-0.26518604159355164,1.0,3.6001781641658295,-76.42336431270932,1.3420444978083066,-1.2662014088057556
vegetacion_densa,0.7366465330123901,-0.22218170762062073,1.0,3.562538753761239,-76.56422014926129,2.1379194619813386,-2.9498805060797606
contaminacion_alta_NO2,0.25786441564559937,0.19186557829380035,0.998046875,3.353051629504665,-76.37970618990049,0.023888641602077924,1.0902457934216008
vegetacion_densa,0.7259440422058105,-0.2134658247232437,1.0,3.3688619785051612,-76.57895251992106,0.25840424903648757,-0.46521025053769904
contaminacion_alta_NO2,0.4712717831134796,-0.1426880657672882,0.5341796875,3.547716551573274,-76.4212083560274,-2.3213785106970404,1.0361994086255188
vegetacion_densa,0.6300490498542786,-0.24725595116615295,0.8544921875,3.334097177009752,-76.63473789906568,-1.668079435989344,-1.0643090534331638
contaminacion_alta_NO2,0.3749907612800598,-0.01960546150803566,0.50927734375,3.3097528328101244,-76.37117219470123,0.25557119610661433,1.387993149909837
vegetacion_densa,0.6492742896080017,-0.35384804010391235,0.5048828125,3.3155918821568986,-76.56502863301701,-1.0536067464206997,-2.6060916023743057
ozono_anomalo,0.603477418422699,-0.23730751872062683,0.78173828125,3.5480758776869217,-76.35473302500161,-0.8398093510472258,-0.14610003326554588
ozono_anomalo,0.6499881744384766,-0.29801467061042786,0.494140625,3.416832014677121,-76.37135185775806,2.4276436746816206,1.6311321891793265
vegetacion_densa,0.6685835123062134,-0.23916147649288177,0.33544921875,3.6080833386660776,-76.60419517940518,-0.682591767860394,-2.3950590354442274
contaminacion_alta_NO2,0.34540700912475586,-0.18645252287387848,0.429931640625,3.4612986212410166,-76.39057580483849,0.06420793633820629,0.6419950322473538
contaminacion_alta_NO2,0.7475605607032776,-0.3378008008003235,1.0,3.4584240123318355,-76.43028134039714,2.757951074021675,-1.1506012121499622
vegetacion_densa,0.7901960611343384,-0.3975692689418793,0.641357421875,3.367155179465335,-76.39425889750343,1.3584837288284202,-0.7020582066122262
vegetacion_densa,0.6915269494056702,-0.29058924317359924,0.97705078125,3.4934583084124804,-76.59718832018895,0.2178519133516541,-1.9862103063970011
ozono_anomalo,0.8633414506912231,-0.4000316858291626,1.0,3.462107104996724,-76.4062064907824,2.332941774582758,-0.19738988032609947
contaminacion_alta_NO2,0.4503660202026367,-0.30498701333999634,0.643310546875,3.494805781338659,-76.32329199005697,2.541465423029111,-0.4409517123472163
vegetacion_densa,0.7110939025878906,-0.2607395350933075,0.7099609375,3.592811978836053,-76.59611034184799,2.0109518178373698,-1.863264446406286
vegetacion_densa,0.7625647783279419,-0.21063488721847534,1.0,3.602693446961363,-76.60617147303027,1.908576859687803,-2.8212512426309346
contaminacion_alta_NO2,0.14793279767036438,0.12926381826400757,0.96533203125,3.4355169725867984,-76.499810943389,-0.673413014819239,3.0610854230199567
contaminacion_alta_NO2,0.45821914076805115,0.012033019214868546,0.94189453125,3.3127172732477175,-76.50538049815061,-1.918555687173804,0.12108788088080417
contaminacion_alta_NO2,0.6150813102722168,-0.08089638501405716,1.0,3.5943391148190553,-76.50645847649157,1.484445743657257,-0.9850065689025654
contaminacion_alta_NO2,0.400846391916275,-0.009582852944731712,0.9921875,3.5443927850220334,-76.50313470994028,1.5324309762543993,-0.8130279717149632
contaminacion_alta_NO2,0.21410074830055237,0.026228802278637886,0.83447265625,3.482858188059875,-76.48391076285985,0.6740180299544956,1.4997792983181155
contaminacion_alta_NO2,0.7255290746688843,-0.33921724557876587,0.732666015625,3.5264264793396514,-76.4523798963868,-0.3287375125126662,-1.6726827244704536
contaminacion_alta_NO2,0.5017866492271423,-0.1601645052433014,1.0,3.316041039798958,-76.47061569665469,1.8665081387456541,0.1718286019567789
ozono_anomalo,0.5297349691390991,-0.09256955981254578,0.890625,3.6030527730750106,-76.33002935468797,1.1095117964512107,-0.8378711052318377
ozono_anomalo,0.4772113263607025,-0.06362313032150269,1.0,3.3544889339592556,-76.47375980014915,2.0160889434665226,0.21766015326356503
vegetacion_densa,0.7518987655639648,-0.34265056252479553,1.0,3.4683953119855575,-76.35886527530862,2.1823582178637206,1.3085255501374682
contaminacion_alta_NO2,0.07623615860939026,0.08370082825422287,0.843017578125,3.4525849629850613,-76.53215029361776,-2.173993208588917,0.585663818371714
contaminacion_alta_NO2,0.7102601528167725,-0.11690857261419296,1.0,3.4793547584518105,-76.58757634664873,1.0608294203766255,-1.4909713098181367
vegetacion_densa,0.6217682361602783,-0.23691213130950928,0.593994140625,3.564784541971537,-76.44025264005101,-1.1223963417447145,0.09695385458695673
ozono_anomalo,0.4014434218406677,0.0211337823420763,0.7861328125,3.387906262528486,-76.51364499876463,-2.1021962625864257,0.9402599203983849
ozono_anomalo,0.7011147737503052,-0.27074363827705383,0.829345703125,3.3867384526591313,-76.46639361481927,2.0384293654215697,0.12287007448667012
vegetacion_densa,0.6497096419334412,-0.2710862159729004,0.9482421875,3.40218947554598,-76.5900916294443,-2.1500942300977757,-2.191739889993336
contaminacion_alta_NO2,0.4782642722129822,0.007832780480384827,1.0,3.5033397765377905,-76.35922460142227,-2.0307888243094334,-0.3089067081558577
vegetacion_densa,0.7412655353546143,-0.3269416391849518,1.0,3.330324252816452,-76.30658332577211,3.10643528739898,-0.7330780950534256
contaminacion_alta_NO2,0.4842684268951416,-0.0885499119758606,0.92626953125,3.317298681196725,-76.45570366293809,1.5727999825287686,2.0471493961103158
vegetacion_densa,0.7008208632469177,-0.3025093972682953,0.900390625,3.371197598243871,-76.30622399965846,1.5623053098631952,0.9013388731283999
contaminacion_alta_NO2,0.6310368180274963,-0.07767041027545929,1.0,3.6329666720361766,-76.4978346497639,1.3981833344590464,-1.0123406460734035
ozono_anomalo,0.2586037516593933,0.05992539972066879,0.564453125,3.398147056767444,-76.47735306128568,0.41788683121772185,2.072098320393581
ozono_anomalo,0.36948567628860474,-0.2182246446609497,0.3154296875,3.554633579260991,-76.56332183397716,0.4030884221482717,-1.8952621666021092
contaminacion_alta_NO2,0.49600595235824585,-0.07573475688695908,1.0,3.5331638439705446,-76.48103615395063,0.5858201697622097,-0.2827733894193242
ozono_anomalo,0.5817086100578308,-0.2366412878036499,0.875,3.4642630616786096,-76.3824909672813,2.1917007214515007,0.3778727434155471
contaminacion_alta_NO2,0.5412440299987793,-0.14322082698345184,1.0,3.498848200117195,-76.33398194193815,1.6018853754649587,0.8174263005875774
contaminacion_alta_NO2,0.7233811616897583,-0.2546482980251312,0.93798828125,3.5422368283401475,-76.44501371105692,-1.4882786737866904,-0.221189703049827
ozono_anomalo,0.5736433863639832,-0.1755225956439972,0.656982421875,3.60583755045578,-76.35437369888795,-1.6792897594408958,-1.2582529329859877
contaminacion_alta_NO2,0.635665774345398,-0.0865563303232193,0.9970703125,3.514928043702927,-76.52990450540743,1.6859451888229489,-1.9676865128318217
contaminacion_alta_NO2,0.4546438455581665,-0.29978033900260925,0.4599609375,3.355207586186551,-76.46423765813735,0.69601522809185,0.28586069253318547
contaminacion_alta_NO2,0.6072796583175659,-0.25109589099884033,0.881103515625,3.3034646258212907,-76.33128699608575,2.262550569569236,-1.0153162653080492
contaminacion_alta_NO2,0.6301727294921875,-0.1438881754875183,1.0,3.4306660700525553,-76.4300118458119,2.4680147023446724,-0.5317861914359586
vegetacion_densa,0.6696494221687317,-0.20265555381774902,0.695556640625,3.5579573458122318,-76.63860065478745,0.6878066311888205,-1.519490017354593
contaminacion_alta_NO2,0.6889181733131409,-0.22560334205627441,1.0,3.5025312927820833,-76.54131310951591,0.02735005022756873,-1.073092362194808
vegetacion_densa,0.7740654945373535,-0.3380886912345886,1.0,3.5982018705407675,-76.44115095533515,-0.6547886452955777,-0.9991348165828745
vegetacion_densa,0.7719521522521973,-0.3661273419857025,0.9453125,3.588589897000693,-76.40512851244144,-0.33911683489120764,-0.9863415277623182
contaminacion_alta_NO2,0.6989388465881348,-0.25712698698043823,0.97265625,3.3708382721302232,-76.43360510694843,1.022542487959975,-1.1369380272508678
contaminacion_alta_NO2,0.747016429901123,-0.3130241632461548,1.0,3.30813586529871,-76.38500625007687,1.9859128292231767,0.9603129827977444
vegetacion_densa,0.6551768183708191,-0.23964929580688477,0.9794921875,3.423120221665955,-76.33613789862007,1.1135890917947282,0.23162135591605174
ozono_anomalo,0.2590917944908142,0.1271822452545166,1.0,3.5491538560278646,-76.31556647861343,0.010555651643687223,0.9130300242408944
vegetacion_densa,0.6780050992965698,-0.3310598134994507,0.564208984375,3.4325525321492054,-76.37790955933222,1.2378180560359047,0.0699497101768583
contaminacion_alta_NO2,0.356448233127594,-0.15957506000995636,0.547119140625,3.4885175743498253,-76.34871431259792,1.8146079392902514,1.0249402650458999
contaminacion_alta_NO2,0.6157074570655823,-0.2876507043838501,0.6748046875,3.4726173938209173,-76.39497754973074,2.1941666900706456,-0.9656892161522863
contaminacion_alta_NO2,0.511492908000946,-0.08314372599124908,0.99609375,3.3685924839199255,-76.49567869308198,0.6876455723354062,1.4420924448455683
vegetacion_densa,0.6023703813552856,-0.24439425766468048,0.75048828125,3.4234795477796025,-76.45669180975064,0.907145867605056,-0.1831814283012704
contaminacion_alta_NO2,0.7203104496002197,-0.2557410001754761,1.0,3.6102392953479634,-76.30820029328355,-0.21600222559911506,-1.4332571436746666
contaminacion_alta_NO2,0.5944283604621887,-0.13117331266403198,1.0,3.3643704020845657,-76.39452839208867,2.224156950539794,-0.4496917196583371
vegetacion_densa,0.7282116413116455,-0.18465742468833923,1.0,3.544662279607269,-76.63312093155425,1.8261639533606886,-1.5049127979111878
contaminacion_alta_NO2,0.742393970489502,-0.27069520950317383,1.0,3.345954938760124,-76.3078409671699,3.408441121582045,-0.48445653299702435
contaminacion_alta_NO2,0.6331876516342163,-0.2552878260612488,0.979736328125,3.351165167408015,-76.48705486635431,1.1650216531645987,0.09836559819189947
contaminacion_alta_NO2,0.5406795144081116,-0.15859884023666382,1.0,3.563886226687418,-76.50547032967903,0.47109290417361166,-0.6406599968927916
ozono_anomalo,0.7168295383453369,-0.23416593670845032,0.945068359375,3.4234795477796025,-76.61793940325241,-0.8321542037356621,-1.4774747538406399
vegetacion_densa,0.7212886810302734,-0.3214789628982544,1.0,3.570803254375135,-76.45588332599492,-0.46558154291737774,-0.9821123625853267
contaminacion_alta_NO2,0.5708802342414856,-0.34702467918395996,0.786865234375,3.461118958184193,-76.3709925316444,1.150651060559518,1.1544308686933948
ozono_anomalo,0.5387347936630249,-0.2104109823703766,0.771240234375,3.555621726073522,-76.32877171329018,-0.3481942177287926,-1.927064569002001
contaminacion_alta_NO2,0.46627581119537354,-0.02996256574988365,0.94384765625,3.4941769606397757,-76.36398567242817,1.0207548657522643,1.570788651452155
vegetacion_densa,0.6443988084793091,-0.16205677390098572,0.75,3.5651438680851846,-76.63446840448044,0.05447462782033454,-0.8615860354664633
contaminacion_alta_NO2,0.6864727735519409,-0.2908366918563843,0.883544921875,3.319005480236551,-76.63042598570185,-1.9889376810900163,-2.2784224085831957
vegetacion_densa,0.8026135563850403,-0.41536954045295715,0.318359375,3.3845824959772455,-76.40162508283332,1.3374818926333225,-0.9725766296257194
contaminacion_alta_NO2,0.5626980066299438,-0.2659524381160736,0.761962890625,3.420964264984069,-76.38078416824145,0.7821002752231356,-0.1072975734048073
ozono_anomalo,0.5003142356872559,-0.10174964368343353,0.68017578125,3.511694108680098,-76.37144168928647,-1.0516930434171472,-0.8336334157422348
contaminacion_alta_NO2,0.7584253549575806,-0.255102276802063,0.826171875,3.3346361661802235,-76.56646593747162,-1.844948434517344,-1.5221988152569368
vegetacion_densa,0.7162680625915527,-0.24761271476745605,0.970703125,3.4944464552250114,-76.64560751400369,-0.41342072406148656,-0.9966603083039329
ozono_anomalo,0.6822453737258911,-0.22323255240917206,0.9697265625,3.4645325562638454,-76.63698368727601,-2.0074838479498465,-1.4341354233477255
contaminacion_alta_NO2,0.5712890625,-0.11944431066513062,1.0,3.3856604743181884,-76.50897375928714,-1.6293580679086346,-0.44362833259403506
contaminacion_alta_NO2,0.5825056433677673,-0.15965302288532257,1.0,3.436954277041389,-76.41590829585103,1.3438246439715436,2.5859675951061503
ozono_anomalo,0.5358438491821289,-0.07117331773042679,0.9990234375,3.3787434466304713,-76.35338555207541,1.8986091628317765,1.1833788374765428
ozono_anomalo,0.1536189317703247,0.10258963704109192,0.9736328125,3.492649824656773,-76.51050089527017,-2.354718968855558,0.1570279266202269
contaminacion_alta_NO2,0.7912160158157349,-0.37467658519744873,1.0,3.457974854689776,-76.34188711643851,3.3244785583335172,0.15386377643085902
vegetacion_densa,0.7431432604789734,-0.3344903588294983,1.0,3.4922904985431256,-76.4000979468503,1.828776653598639,-0.7240146738614013
contaminacion_alta_NO2,0.29093992710113525,0.04383476823568344,1.0,3.4274321350297265,-76.54517586523768,-1.4721705455421819,-1.056608006918994
contaminacion_alta_NO2,0.2734059989452362,-0.07507967948913574,0.47216796875,3.380270582613474,-76.50672797107681,-3.041495820773837,0.27397245467527015
vegetacion_densa,0.6769521236419678,-0.2028161883354187,1.0,3.4632749148660786,-76.60006292909817,0.7717654854987378,-2.0302683272039896
contaminacion_alta_NO2,0.7732073068618774,-0.4020498991012573,1.0,3.6061070450410155,-76.44923579289234,0.03435278288504747,-1.7104063354332362
contaminacion_alta_NO2,0.46143242716789246,-0.1578064262866974,0.55810546875,3.3526024718626055,-76.40584716466874,-0.01650556569698031,-2.8479997572591444
contaminacion_alta_NO2,0.34892112016677856,0.18369266390800476,1.0,3.39419446951732,-76.4422289336761,0.3638479054606659,1.4817137869486492
vegetacion_densa,0.6925127506256104,-0.3223841190338135,0.87841796875,3.4764801495426294,-76.33200564831306,1.4818554885552053,-0.9755609771146774
ozono_anomalo,0.7766901254653931,-0.22258153557777405,1.0,3.528762099078361,-76.60087141285389,2.418589324554253,-2.714624620197628
contaminacion_alta_NO2,0.3919111490249634,-0.07610112428665161,1.0,3.5433148066810904,-76.49109728513291,-0.1642753547696359,0.4243266835464461
ozono_anomalo,0.6282649040222168,-0.11604899168014526,1.0,3.3155918821568986,-76.4286643728857,0.33003917397514204,1.5744502905814468
contaminacion_alta_NO2,0.20366427302360535,-0.0200252216309309,0.5693359375,3.4923803300715375,-76.50241605771298,-2.3679278909318286,0.9747129067160203
vegetacion_densa,0.6086349487304688,-0.2372133582830429,1.0,3.3416430253963525,-76.31691395153963,2.960230838205462,1.0163770790665705
vegetacion_densa,0.831343412399292,-0.4358559250831604,0.896728515625,3.3158613767421343,-76.38824018509975,1.690769091285484,-1.4727756553365612
contaminacion_alta_NO2,0.7064221501350403,-0.29801446199417114,1.0,3.527863783794242,-76.33829385530198,-1.3387714018744759,-1.4252702859988124
contaminacion_alta_NO2,0.16541992127895355,0.02463689260184765,0.5439453125,3.4542019304964757,-76.5351147340554,-3.0144202065579444,0.47484924251408356
contaminacion_alta_NO2,0.4268200397491455,-0.15263938903808594,0.6748046875,3.3404752155269977,-76.33416160499497,1.203553407907601,0.5033195497440108
vegetacion_densa,0.6063125133514404,-0.18116691708564758,1.0,3.5418775022265,-76.46486647883624,-1.2467279128616628,-0.06385573061064297
ozono_anomalo,0.7212325930595398,-0.3069941997528076,0.99951171875,3.308405359883946,-76.39156395165104,4.225404906129498,-0.003291683472836314
ozono_anomalo,0.7844606041908264,-0.3942229747772217,0.85693359375,3.527684120737418,-76.34610919827394,-3.330759619375031,-2.285627104701362
vegetacion_densa,0.6429662704467773,-0.24200215935707092,0.9912109375,3.320083458577494,-76.30469686367543,2.358398995436519,0.7209337984117061
contaminacion_alta_NO2,0.26933231949806213,0.016786793246865273,0.794921875,3.5592149872099985,-76.36668061828057,-4.557840535665792,-1.3353795026339237
ozono_anomalo,0.6765060424804688,-0.20419944822788239,1.0,3.5552623999598745,-76.37602309723555,0.8465784085535629,-0.969696244573332
ozono_anomalo,0.5149822235107422,-0.08095292001962662,0.98388671875,3.5882305708870454,-76.45363753778459,-1.1410162282454381,0.2797642358783121
contaminacion_alta_NO2,0.4975035786628723,-0.07232508808374405,1.0,3.5373859258059044,-76.31826142446583,0.651049112124385,-0.39256477407130386
contaminacion_alta_NO2,0.42287296056747437,-0.1380436271429062,0.9638671875,3.3787434466304713,-76.47061569665469,-1.2256111246470276,-0.5500753111047088
ozono_anomalo,0.6635478734970093,-0.19226734340190887,1.0,3.325383518753797,-76.49810414434914,3.1170017461727877,-0.26513665280427795
ozono_anomalo,0.3644385039806366,-0.0784488171339035,0.322265625,3.5991001858248866,-76.6348277305941,-0.9228389567029419,-0.948805037434048
ozono_anomalo,0.4032711088657379,-0.006937291473150253,1.0,3.375150185493995,-76.53951647894765,0.20082279718666787,0.4267567512914488
contaminacion_alta_NO2,0.776735246181488,-0.3366774022579193,0.9130859375,3.3538601132603723,-76.60877658735426,0.12403315957433036,-2.704711786054562
vegetacion_densa,0.6729011535644531,-0.3155295252799988,1.0,3.338049764259876,-76.40674547995287,2.2434669437871686,0.977194616295947
contaminacion_alta_NO2,0.41965824365615845,-0.25602513551712036,0.55908203125,3.4924701615999494,-76.57589824795501,-2.512704888087999,-1.1824418285485034
vegetacion_densa,0.6123266220092773,-0.24924983084201813,0.9462890625,3.3107409796226555,-76.54319957161259,-2.757262016749491,-0.22545891758957728
contaminacion_alta_NO2,0.25911831855773926,0.0672360360622406,1.0,3.4782767801108676,-76.51148904208272,-2.998388401453754,0.31862600755331266
contaminacion_alta_NO2,0.6032403111457825,-0.2579571306705475,1.0,3.552567454107517,-76.47861070268347,-2.1330257260525194,1.2188750850901913
ozono_anomalo,0.20565783977508545,0.028864756226539612,0.638671875,3.505944890861736,-76.49864313351962,-4.2383172228233486,-2.156596811788778
contaminacion_alta_NO2,0.4978097677230835,-0.27719229459762573,0.517578125,3.5683778031080133,-76.53610288086794,2.0485272461245825,-1.4851781099026933
vegetacion_densa,0.7782189846038818,-0.24294885993003845,1.0,3.5324451917432493,-76.56862189415354,2.2434337984447126,-3.1215739296140628
contaminacion_alta_NO2,0.407656192779541,-0.007143726572394371,0.99609375,3.391050366022903,-76.53331810348713,-2.000169088444455,-0.8655377455045623
vegetacion_densa,0.6293203830718994,-0.18899127840995789,1.0,3.3497278629534244,-76.4021640720038,-2.3300050713630003,-1.1291346914069036
ozono_anomalo,0.18076267838478088,-0.1904679536819458,0.51416015625,3.4393797283085106,-76.63087514334391,-2.2809833224802576,-0.61601422809391
ozono_anomalo,0.4836594760417938,-0.2280852198600769,0.384033203125,3.366077201124392,-76.63644469810554,-1.9196852524489711,-1.4280003221715272
ozono_anomalo,0.4268200099468231,-0.13873502612113953,0.64990234375,3.4834870087587584,-76.56395065467605,-3.6397250567570887,0.4678160723875798
contaminacion_alta_NO2,0.34936660528182983,-0.1270984411239624,0.71875,3.616617333865209,-76.45121208651743,-1.1331773983738247,-0.43503285598968017
contaminacion_alta_NO2,0.5874311923980713,-0.22467446327209473,0.3017578125,3.56774898240913,-76.44393573271596,-0.07808549437045664,-0.3148079541630516
vegetacion_densa,0.6242294311523438,-0.23113077878952026,0.865234375,3.4104539761598756,-76.35473302500161,1.0646179145783325,0.7077457817217927
contaminacion_alta_NO2,0.4751303195953369,-0.13597778975963593,0.5263671875,3.550591160482455,-76.35338555207541,-1.5052213081404149,-1.0380839070387342
contaminacion_alta_NO2,0.3500362038612366,-0.014279812574386597,1.0,3.4636342409797263,-76.43396443306209,-0.6865206859277306,0.43950184878754006
contaminacion_alta_NO2,0.4599130153656006,-0.15858891606330872,0.3671875,3.4895955526907683,-76.59116960778526,-1.5554727299997408,-1.7459380540134724
contaminacion_alta_NO2,0.44042307138442993,0.051830071955919266,1.0,3.3045426041622337,-76.35257706831969,0.6701740766424275,0.7535568923691582
vegetacion_densa,0.6829103827476501,-0.29093819856643677,1.0,3.4584240123318355,-76.37198067845695,0.3106463419395664,-0.06799436540943153
ozono_anomalo,0.605076014995575,-0.21699176728725433,0.90478515625,3.6082630017229014,-76.44034247157943,-0.3723921282814893,-1.1943920102723269
vegetacion_densa,0.648952841758728,-0.2843397855758667,0.986328125,3.5451114372493286,-76.57266431293213,0.9066371662481156,-1.3935273661912118
contaminacion_alta_NO2,0.15092699229717255,0.11543005704879761,0.9990234375,3.469742784911736,-76.50466184592331,-2.110986129405241,0.8326331186034054
ozono_anomalo,0.12152118235826492,0.0921112596988678,0.3466796875,3.4283304503138456,-76.5378096799078,-2.7091169155364447,-0.10548020530420402
ozono_anomalo,0.8476585745811462,-0.31297510862350464,1.0,3.3637415813856824,-76.62027502299115,1.5941387986324291,-1.921134943582692
ozono_anomalo,0.5110626816749573,-0.3211625814437866,1.0,3.3504465151807197,-76.6368938557476,-0.15934270133593018,-1.5740056382555363
contaminacion_alta_NO2,0.25603654980659485,-0.017705047503113747,0.46337890625,3.393835143403672,-76.52783838025393,-1.5461068847429384,0.5186490990547565
contaminacion_alta_NO2,0.73583984375,-0.36729860305786133,1.0,3.4202456127567737,-76.39749283252631,1.8013627469483262,-1.6344651386156421
vegetacion_densa,0.6531774997711182,-0.25376927852630615,1.0,3.356195732999082,-76.40333188187317,0.5910886376525603,0.4816072780246914
vegetacion_densa,0.6990507245063782,-0.18380217254161835,1.0,3.5434046382095024,-76.39291142457724,0.11734195848288877,1.130396188846425
vegetacion_densa,0.6484535932540894,-0.142628014087677,0.365234375,3.604490077529601,-76.34071930656914,-0.34067345635732993,-1.0164837733956384
vegetacion_densa,0.648586094379425,-0.24686211347579956,1.0,3.5962255769157054,-76.44267809131817,-0.3237227970917463,-1.21219278937106
contaminacion_alta_NO2,0.6012605428695679,-0.20565634965896606,0.703125,3.4164726885634735,-76.40854211052114,0.09419895310718437,0.4912354096271728
contaminacion_alta_NO2,0.5494529008865356,-0.13464146852493286,0.935546875,3.6053883928137203,-76.30568501048798,-0.720547209795037,-0.18807548192642007
contaminacion_alta_NO2,0.3060601055622101,-0.13268505036830902,0.57958984375,3.4566273817635973,-76.30523585284591,0.3796976434786852,1.8232945028286172
contaminacion_alta_NO2,0.7261173725128174,-0.2972846031188965,1.0,3.4482730496212897,-76.44591202634105,1.4609697276152085,0.9131116011819195
vegetacion_densa,0.6103469729423523,-0.31524091958999634,0.74951171875,3.5135805707767482,-76.60347652717788,0.45764256483187554,-1.6157308302403108
contaminacion_alta_NO2,0.39015769958496094,-0.17047682404518127,0.78125,3.615808850109502,-76.34404307312043,-3.7499599194520723,-2.664031034170816
contaminacion_alta_NO2,0.6546761989593506,-0.2534520924091339,1.0,3.5043279233503215,-76.4625308590975,-0.22065578935475924,-0.06150386334057042
contaminacion_alta_NO2,0.6110327839851379,-0.19570226967334747,1.0,3.5902966960405194,-76.43306611777795,0.4974970636044978,-0.25842071998502236
ozono_anomalo,0.4212981164455414,-0.20420235395431519,0.326171875,3.5844576466937452,-76.55308103973805,0.11005388552840277,-1.9777972441070992
contaminacion_alta_NO2,0.32048454880714417,0.02409786358475685,0.809814453125,3.4931888138272447,-76.44249842826135,0.5811382919292792,1.0072311919934598
ozono_anomalo,0.5084078907966614,-0.02752606011927128,0.9765625,3.3109206426794793,-76.35922460142227,-0.600664546380551,0.07118623114459509
contaminacion_alta_NO2,0.4218292534351349,-0.0922679752111435,0.55712890625,3.3553872492433747,-76.34628886133076,2.2473242139494976,0.4250658638412166
contaminacion_alta_NO2,0.7185988426208496,-0.2165813148021698,1.0,3.358261858152556,-76.55981840436904,0.5557912363000348,-1.4324895354014537
contaminacion_alta_NO2,0.4855329096317291,-0.09084506332874298,0.595703125,3.433810173546972,-76.43683904197131,0.6746247604053991,0.6197465654747657
contaminacion_alta_NO2,0.26443982124328613,0.007627718150615692,0.596923828125,3.5833796683528023,-76.45660197822222,-1.8026124509453643,1.0231234435010372
vegetacion_densa,0.6397026777267456,-0.19342181086540222,0.99853515625,3.3883554201705457,-76.41384217069752,0.8261471196783634,0.6702303985581858
contaminacion_alta_NO2,0.7783755660057068,-0.37890493869781494,1.0,3.46381390403655,-76.39731316946948,3.378997827888967,-0.2570101909010327
contaminacion_alta_NO2,0.2531678080558777,0.10099693387746811,1.0,3.5550827369030507,-76.38599439688942,-0.6773461260574193,0.060590058880226956
contaminacion_alta_NO2,0.5093065500259399,0.053096599876880646,1.0,3.595596756216822,-76.50277538382663,-0.152611134220443,-0.13654922490566043
contaminacion_alta_NO2,0.35966435074806213,-0.017189402133226395,1.0,3.328976779890273,-76.4699868759558,-0.6838674735278896,0.557821412962137
contaminacion_alta_NO2,0.3844332695007324,0.04978914558887482,1.0,3.523821365015706,-76.4680105823307,-0.33379730823792675,0.11197098354026097
contaminacion_alta_NO2,0.18364332616329193,0.1327890157699585,1.0,3.420874433455657,-76.51112971596906,-1.7274595521931158,-0.4295490921193154
contaminacion_alta_NO2,0.49106234312057495,-0.08596452325582504,0.4404296875,3.485822628497468,-76.59575101573434,-0.8633149634614581,-1.3748658136170961
ozono_anomalo,0.5754798650741577,-0.23861747980117798,0.5537109375,3.5233722073736464,-76.31610546778391,-0.959555524688745,-1.2011251714216342
vegetacion_densa,0.7340359687805176,-0.2722993493080139,0.92578125,3.555801389130346,-76.58577971608047,0.7625903350606249,-2.2816767410735914
vegetacion_densa,0.6189945936203003,-0.1204165518283844,1.0,3.3304140843448637,-76.35140925845032,1.732497416273759,0.6712177235199389
contaminacion_alta_NO2,0.7474575042724609,-0.27931806445121765,1.0,3.3085850229407696,-76.3329937951256,3.3584545248229363,-0.3331340219284868
contaminacion_alta_NO2,0.23365908861160278,-0.0445069819688797,0.46875,3.5292112567204206,-76.48543789884287,0.5012127759020439,-0.11197954006270529
vegetacion_densa,0.7287638187408447,-0.2711394131183624,1.0,3.344158308191886,-76.39461822361709,3.229876068769221,0.623040279788045
contaminacion_alta_NO2,0.741305410861969,-0.3069469928741455,1.0,3.4252761783478407,-76.34476172534774,1.0002104685526627,-0.32398190059486964
contaminacion_alta_NO2,0.032667044550180435,0.09648823738098145,0.765869140625,3.424827020705781,-76.51669927073068,-1.8182361860275427,1.2194170638832929
vegetacion_densa,0.6004648208618164,-0.2454475462436676,0.9951171875,3.504956744049205,-76.46917839220008,-1.2471266584732636,-1.10616924872964
ozono_anomalo,0.29396122694015503,-0.008143861778080463,0.7294921875,3.616617333865209,-76.39183344623628,-2.117394419383034,0.24338145136278067
contaminacion_alta_NO2,0.4805248975753784,-0.08703631162643433,0.609375,3.320173290105906,-76.45094259193219,0.32233010486224944,1.7264442173186711
ozono_anomalo,0.6938440799713135,-0.19195789098739624,0.99267578125,3.6460820751843155,-76.57679656323914,1.707018678275429,-1.8555088448894617
contaminacion_alta_NO2,0.292935848236084,-0.018081728368997574,0.415771484375,3.498758368588783,-76.39111479400897,0.1878289400337623,1.2984527694991157
vegetacion_densa,0.7445077896118164,-0.3985058665275574,0.71875,3.574755841625259,-76.30999692385181,-0.9836005260547501,-0.6331745919723424
vegetacion_densa,0.7617712020874023,-0.20805194973945618,1.0,3.3069680554293552,-76.51732809142958,-0.2250542490586706,-0.6741761750231255
vegetacion_densa,0.7001303434371948,-0.2731216251850128,1.0,3.5273247946237705,-76.43755769419862,0.1274183154407989,-0.7921827407285952
contaminacion_alta_NO2,0.6909759044647217,-0.15101546049118042,1.0,3.530828224231835,-76.51732809142958,-0.5694580398617002,-2.07598972921682
contaminacion_alta_NO2,0.48762741684913635,-0.13351747393608093,0.861328125,3.3967995838412652,-76.56332183397716,-3.7176246648416527,-0.46339626768543396
vegetacion_densa,0.70815110206604,-0.31206655502319336,0.861572265625,3.4843853240428775,-76.38770119592927,2.432930356947752,-0.745170243454448
vegetacion_densa,0.6672739386558533,-0.2034420669078827,1.0,3.311279968793127,-76.58317460175648,-1.3478819480831046,-1.4174979163904164
contaminacion_alta_NO2,0.6631376147270203,-0.2878991961479187,1.0,3.4823191988894036,-76.46747159316023,2.385667033954455,0.58228272923235
contaminacion_alta_NO2,0.20442473888397217,-0.15926578640937805,0.3984375,3.490673531031711,-76.55784211074395,-2.3689482218329845,-1.5179595328424342
vegetacion_densa,0.7435572147369385,-0.25739550590515137,0.84130859375,3.6031426046034225,-76.63159379557122,1.7623148572305547,-0.9946331574614058
ozono_anomalo,0.6505652070045471,-0.3222782015800476,0.818359375,3.6162580077515614,-76.31682412001122,-0.6765383582408339,-0.6721613252220777
contaminacion_alta_NO2,0.5610513687133789,-0.23954080045223236,1.0,3.562898079874887,-76.42246599742519,-1.215138516301478,-1.1004939614903273
contaminacion_alta_NO2,0.7083678245544434,-0.25518572330474854,0.848876953125,3.342990498322531,-76.6090460819395,-0.28110436042507864,-0.8585916424928088
contaminacion_alta_NO2,0.7036377787590027,-0.32439124584198,0.634521484375,3.5433148066810904,-76.34530071451822,0.4899697010655393,-1.0298137318254377
vegetacion_densa,0.6833876967430115,-0.2926310896873474,0.502685546875,3.381168897897593,-76.33676671931896,1.3288382156624972,0.5334938768925145
ozono_anomalo,0.6345843076705933,-0.16522887349128723,1.0,3.6109579475752587,-76.30820029328355,1.3860875046912209,-0.8448469538654503
contaminacion_alta_NO2,0.34383442997932434,-0.16043299436569214,0.4033203125,3.435786467172034,-76.30891894551085,0.7709398425247324,1.6976390641828436
contaminacion_alta_NO2,0.627090334892273,-0.12837934494018555,0.9453125,3.323137730543499,-76.54230125632846,-1.134125846901924,-0.4748365391573522
ozono_anomalo,0.6474909782409668,-0.2777741551399231,1.0,3.5085500051856813,-76.460464733944,-0.8620422543647834,-4.097719866325002
contaminacion_alta_NO2,0.4536955952644348,-0.09765584021806717,0.672119140625,3.610508789933199,-76.35383470971747,0.051725659386375654,-0.24086601061280966
vegetacion_densa,0.718982458114624,-0.30078446865081787,0.7470703125,3.466778344474143,-76.39407923444661,1.3808366594026198,1.0761472973773691
contaminacion_alta_NO2,0.6356641054153442,-0.31712132692337036,0.331298828125,3.4394695598369225,-76.32302249547173,1.3682691584674012,0.1202918842486374
ozono_anomalo,0.4183463752269745,-0.1146344318985939,0.33251953125,3.5670303301818347,-76.33865318141564,-0.8318499912361139,-1.632939145692753
contaminacion_alta_NO2,0.6073580980300903,-0.027086924761533737,1.0,3.6260496443484596,-76.49226509500228,1.287520495790791,-0.8458925653887761
contaminacion_alta_NO2,0.5002425909042358,-0.19137969613075256,0.759765625,3.3445176343055336,-76.40261322964587,0.5142924519177833,-1.2666021507706855
contaminacion_alta_NO2,0.590923547744751,-0.17674589157104492,1.0,3.6010764794499486,-76.3540143727743,1.0737856936738446,-0.9993903911226912
ozono_anomalo,0.7462314963340759,-0.345935195684433,0.656494140625,3.4494408594906445,-76.34601936674552,-0.2082349416635228,-2.2675514743063054
contaminacion_alta_NO2,0.3433745503425598,0.0167342871427536,1.0,3.463005420280843,-76.46441732119418,0.6925663195051407,1.0865067059715978
contaminacion_alta_NO2,0.5146823525428772,-0.1340034008026123,0.880859375,3.3993148666367987,-76.5616150349373,-3.669892609095761,-0.5099327826034242
contaminacion_alta_NO2,0.610589861869812,-0.2935423254966736,1.0,3.5341519907830756,-76.46890889761484,-0.0827249447535005,-0.2677241153147417
contaminacion_alta_NO2,0.5336107015609741,-0.019988059997558594,1.0,3.363022929158387,-76.49756515517866,1.3522667574533247,1.077718021888661
contaminacion_alta_NO2,0.6721711158752441,-0.2878067195415497,0.8447265625,3.359968657192382,-76.31898007669314,2.3597019583089662,-1.1863169683094161
contaminacion_alta_NO2,0.281032919883728,0.14401030540466309,1.0,3.518880630953051,-76.45624265210857,-0.7238339325965302,0.6988959669913196
vegetacion_densa,0.600451648235321,-0.25788265466690063,0.931884765625,3.5162755166291055,-76.60626130455869,-0.45944479774371716,-1.8738488302350564
vegetacion_densa,0.6547525525093079,-0.2750850319862366,0.5546875,3.332031051856278,-76.43782718878386,1.0659167573891728,1.3509094603676992
contaminacion_alta_NO2,0.7211956977844238,-0.27768567204475403,1.0,3.4651613769627287,-76.46405799508052,1.4049308914342025,-0.07535283512164996
ozono_anomalo,0.5549663305282593,-0.1211322695016861,0.832763671875,3.358082195095732,-76.30676298882894,-0.7161006457299204,0.003933490542859426
contaminacion_alta_NO2,0.4999573230743408,-0.22517886757850647,0.77783203125,3.5195094516519343,-76.48579722495653,-2.7265651061120897,-0.07926197404961681
contaminacion_alta_NO2,0.5926456451416016,-0.11035831272602081,1.0,3.3618551192890322,-76.33020901774479,2.9045765263440924,0.09330735135689451
contaminacion_alta_NO2,0.4650612473487854,-0.13934922218322754,0.63232421875,3.420784601927245,-76.43279662319271,1.9845038588153843,1.3111082878366573
vegetacion_densa,0.7202714085578918,-0.296645849943161,0.9951171875,3.574666010096847,-76.32913103940383,-1.0963153235988783,-0.824368183473785
vegetacion_densa,0.7080042362213135,-0.20908750593662262,1.0,3.5483453722721574,-76.42713723690268,-1.7561423440483614,-0.9593444641577575
ozono_anomalo,0.4946262240409851,-0.0333048515021801,0.990234375,3.375958669249702,-76.42947285664142,1.8583806234992035,1.263084484046515
contaminacion_alta_NO2,0.22702758014202118,0.0697624534368515,1.0,3.4762106549573937,-76.51184836819637,-2.6974210257797933,0.6290749758398003
contaminacion_alta_NO2,0.7497960925102234,-0.2790430188179016,1.0,3.5944289463474672,-76.32975986010273,1.358989083252937,-1.4287318475708295
contaminacion_alta_NO2,0.14504007995128632,0.054635267704725266,0.689453125,3.424198200006898,-76.53727069073732,-3.1220325928163315,0.30299692926641086
vegetacion_densa,0.6701598167419434,-0.24554547667503357,0.8505859375,3.504687249463969,-76.39713350641266,-1.3470182352842492,0.903026879175809
contaminacion_alta_NO2,0.3747783303260803,0.0038984939455986023,1.0,3.3994046981652106,-76.48840233928051,-0.9049520341686229,0.9951729767794874
ozono_anomalo,0.55251145362854,-0.09569717943668365,1.0,3.435786467172034,-76.3200580550341,1.887307242288784,0.733848465663443
vegetacion_densa,0.7023829221725464,-0.18646414577960968,1.0,3.45581889800789,-76.58613904219412,0.6338482724703586,-2.350545246016043
ozono_anomalo,0.4539893567562103,-0.15793177485466003,0.84375,3.6159885131663256,-76.4136625076407,-0.6635923914100634,-0.1966413737937359
vegetacion_densa,0.6800768375396729,-0.20145462453365326,0.7861328125,3.3075968761282386,-76.35590083487098,1.8400122904598035,0.3256563854657551
ozono_anomalo,0.5707533359527588,-0.2728205919265747,0.5673828125,3.307057886957767,-76.4923549265307,1.015236107598082,1.7566803778503393
ozono_anomalo,0.601417601108551,-0.21563954651355743,0.89111328125,3.5474470569880383,-76.33991082281342,-0.9446288750530554,-0.7618224939251654
ozono_anomalo,0.5568349361419678,-0.16670888662338257,0.71923828125,3.390241882267196,-76.38904866885547,1.6166011575830446,1.4207568495792753
contaminacion_alta_NO2,0.2702805697917938,0.05527186021208763,1.0,3.551579307294986,-76.30568501048798,-1.5309271850600081,1.1536881214581427
vegetacion_densa,0.7444831728935242,-0.28575703501701355,0.53271484375,3.3886249147557814,-76.41995071462962,1.8452251169756502,0.9303982439794765
contaminacion_alta_NO2,0.2864605784416199,0.03721144050359726,0.99755859375,3.401201328733449,-76.52101118409452,-1.62573843653159,0.37648539304395945
contaminacion_alta_NO2,0.6624431610107422,-0.31850188970565796,0.99462890625,3.595686587745234,-76.39937929462299,-0.36456432368142055,-1.6346751239242425
contaminacion_alta_NO2,0.475330114364624,-0.17244425415992737,0.935546875,3.4442306308427537,-76.47196316958089,1.900094492532034,1.1607209918560768
contaminacion_alta_NO2,0.4280235767364502,-0.029495615512132645,1.0,3.5334333385557803,-76.50277538382663,0.5639352597010132,0.8568671573750563
ozono_anomalo,0.3011232018470764,0.05468326434493065,1.0,3.5819423638982117,-76.42435245952187,-1.3133802141783972,0.8760821330730356
contaminacion_alta_NO2,0.24189384281635284,0.11230367422103882,1.0,3.5085500051856813,-76.52927568470854,0.7497439250759981,1.3069526640074913
contaminacion_alta_NO2,0.16894331574440002,0.1321992427110672,1.0,3.4073997041938706,-76.5066381395484,-0.5641888010799067,1.6557197880644683
contaminacion_alta_NO2,0.2671681046485901,0.05967596918344498,0.983154296875,3.4873497644804705,-76.49567869308198,0.09589728854434028,1.180475183755301
ozono_anomalo,0.4160824418067932,-0.10389092564582825,0.829833984375,3.5353198006524305,-76.41734560030564,-0.6334152631566909,1.0885544409553816
contaminacion_alta_NO2,0.728164553642273,-0.33286431431770325,1.0,3.6019747947340677,-76.42147785061265,-0.43855304882084756,-1.4063407813066204
vegetacion_densa,0.704551637172699,-0.20421835780143738,0.958984375,3.5421469968117356,-76.64039728535572,0.9245891806819222,-2.690349878525057
contaminacion_alta_NO2,0.65367591381073,-0.21036796271800995,0.9033203125,3.370029788374516,-76.57904235144947,-0.885823574142051,-1.1677128044004506
contaminacion_alta_NO2,0.7203762531280518,-0.2804459035396576,1.0,3.5912848428530504,-76.37925703225842,1.0988007520120069,-0.9765186819728868
contaminacion_alta_NO2,0.1954018920660019,0.061184998601675034,0.6162109375,3.3885350832273695,-76.5622438556362,-3.9338981580365138,2.336835226376373
contaminacion_alta_NO2,0.435702919960022,-0.10344919562339783,0.35107421875,3.3327497040835734,-76.41725576877722,0.4125259735341668,2.0268809079200376
ozono_anomalo,0.6567222476005554,-0.22006434202194214,1.0,3.5504114974256313,-76.41483031751007,-0.6298794437128534,-0.19100294937691073
vegetacion_densa,0.6091570854187012,-0.19325292110443115,0.601806640625,3.3323903779699258,-76.33371244735291,1.5176822895989688,0.04138647433495069
contaminacion_alta_NO2,0.35022979974746704,-0.05519959330558777,0.45654296875,3.39185884977861,-76.57742538393803,-2.1459865980411976,0.5733295477613891
contaminacion_alta_NO2,0.4559878706932068,-0.014154127798974514,0.74609375,3.5412486815276165,-76.43180847638017,-0.8791192319997991,-0.833395609250572
ozono_anomalo,0.18232452869415283,0.13366839289665222,1.0,3.4615681158262523,-76.50942291692921,-2.169689045048974,1.1573010187348538
contaminacion_alta_NO2,0.3181302547454834,-0.004167420789599419,0.64599609375,3.5223840605611154,-76.49433122015579,-3.0729702759933386,3.779542413587571
vegetacion_densa,0.7620440125465393,-0.36594492197036743,1.0,3.5864339403188072,-76.32490895756841,-0.14281628825912965,-0.6173078589132871
contaminacion_alta_NO2,0.49853572249412537,-0.006794015411287546,1.0,3.5342418223114875,-76.53619271239636,-0.34060411822180375,0.03066267457118573
ozono_anomalo,0.4675525426864624,-0.12954741716384888,0.9970703125,3.4046149268131014,-76.47852087115506,1.517310295001715,-0.29503864595446627
vegetacion_densa,0.6574392318725586,-0.2539394497871399,0.572265625,3.5084601736572694,-76.33290396359719,-0.7486967150455427,-0.7058972636512544
contaminacion_alta_NO2,0.32119080424308777,0.02151946723461151,1.0,3.428959271012729,-76.54760131650484,-0.569108065225359,0.3396970035766313
vegetacion_densa,0.6100550889968872,-0.15612003207206726,1.0,3.420874433455657,-76.3662314606385,1.2994167049657306,1.4396199070869804
contaminacion_alta_NO2,0.45024436712265015,-0.15769806504249573,0.714111328125,3.5470877308743907,-76.35087026927984,-1.7838972568105822,-0.4612846381978425
ozono_anomalo,0.693152666091919,-0.2921883165836334,1.0,3.490763362560123,-76.37260949915584,2.7419279717168337,-0.46602192485120025
ozono_anomalo,0.7022314071655273,-0.2759062349796295,0.9482421875,3.438930570666451,-76.60733928289964,-2.762388878701787,-3.4999365853951536
ozono_anomalo,0.6531616449356079,-0.2630431354045868,0.3916015625,3.607454517967194,-76.51283651500891,1.2281012001270317,-0.08912574499136007
contaminacion_alta_NO2,0.5496700406074524,-0.14429491758346558,0.775390625,3.5090889943561527,-76.43378477000526,-0.7727441806207622,-1.1074970613278041
contaminacion_alta_NO2,0.22785788774490356,-0.0054054297506809235,0.63330078125,3.5474470569880383,-76.30945793468133,-2.498596784941594,0.4326881420247353
vegetacion_densa,0.6320664286613464,-0.3097393214702606,0.65771484375,3.4445001254279894,-76.37494511889459,1.21262848366683,-0.6484763018635147
vegetacion_densa,0.6187983751296997,-0.1804577112197876,0.4033203125,3.4832175141735227,-76.3425159371374,1.6593045546565706,0.9338856671283265
ozono_anomalo,0.4727300703525543,-0.0876649022102356,0.931640625,3.5701744336762515,-76.41869307323184,-2.291288339934903,0.9879593743912999
contaminacion_alta_NO2,0.7308452129364014,-0.22134515643119812,1.0,3.59362046259176,-76.50133807937202,-0.7568683040734356,-1.2614875614140897
contaminacion_alta_NO2,0.49324941635131836,-0.18548224866390228,0.9921875,3.5633472375169464,-76.4747479469617,-0.6874688018359482,-0.47399462804124504
contaminacion_alta_NO2,0.5048376321792603,-0.07412182539701462,0.659912109375,3.5202281038792296,-76.4157286327942,-0.9191533697095499,0.8286701791885814
contaminacion_alta_NO2,0.7227542996406555,-0.30527737736701965,1.0,3.53576895829449,-76.37602309723555,1.4519064334901364,-1.688571960548648
contaminacion_alta_NO2,0.634076714515686,-0.18700963258743286,1.0,3.4126997643701733,-76.36066190587688,2.1431724431804597,-0.6405649257543793
contaminacion_alta_NO2,0.684921145439148,-0.14548951387405396,1.0,3.3247546980549134,-76.50367369911076,-1.5379536498352124,-1.0688172138258685
vegetacion_densa,0.632250189781189,-0.1984550505876541,1.0,3.5662218464261275,-76.3893181634407,0.2257787548858455,-1.2538734184092655
contaminacion_alta_NO2,0.6905512809753418,-0.3190916180610657,1.0,3.589578043813224,-76.47807171351299,0.49879009656368517,-1.66383490213855
ozono_anomalo,0.5920263528823853,-0.2715218663215637,0.4658203125,3.570803254375135,-76.3397311597566,-1.458947525690198,-1.575744896183063
vegetacion_densa,0.8313425779342651,-0.27918025851249695,1.0,3.5551725684314626,-76.59763747783101,1.6892887149998799,-2.5201686645991717
vegetacion_densa,0.7874207496643066,-0.3728262782096863,1.0,3.450967995473647,-76.3444922307625,2.763116552841571,-0.46211530935305867
ozono_anomalo,0.6666561365127563,-0.19634155929088593,0.66796875,3.550591160482455,-76.6239581156561,2.0283413130749084,-1.4019632853419814
vegetacion_densa,0.7050838470458984,-0.1952206790447235,0.56298828125,3.6132037357855564,-76.63518705670775,0.9456334627435423,-2.010427003173104
ozono_anomalo,0.695007860660553,-0.3099786639213562,1.0,3.530828224231835,-76.4225558289536,-0.7509610293240029,-1.1743365733598916
contaminacion_alta_NO2,0.6690101623535156,-0.23968029022216797,0.998046875,3.390062219210372,-76.36371617784293,2.2356970826208014,1.0207065265465394
contaminacion_alta_NO2,0.34207648038864136,-0.03988916054368019,0.646240234375,3.5014533144411404,-76.51130937902589,-0.762948727769582,0.4315615936399622
contaminacion_alta_NO2,0.7469542026519775,-0.3647291362285614,1.0,3.4593223276159546,-76.39318091916248,3.007038558033588,0.46820069492276534
contaminacion_alta_NO2,0.32835933566093445,0.009287234395742416,0.911865234375,3.5345113168967233,-76.38815035357133,-1.5321946378657678,0.3810039042887033
contaminacion_alta_NO2,0.6955019235610962,-0.35268545150756836,0.937255859375,3.577810113591264,-76.47358013709233,-1.761935371559059,-0.6997567694075892
contaminacion_alta_NO2,0.6428747177124023,-0.2003830075263977,1.0,3.401201328733449,-76.48714469788273,1.6771457723714318,0.71336919077728
contaminacion_alta_NO2,0.6639100313186646,-0.28290820121765137,0.673583984375,3.5054957332196763,-76.57167616611959,0.05203464497622061,-1.0045476933170323
contaminacion_alta_NO2,0.5220383405685425,-0.2083320915699005,0.64892578125,3.4065013889097515,-76.30613416813004,0.29921265997166346,1.53700677835652
contaminacion_alta_NO2,0.3951532244682312,0.037530042231082916,0.910400390625,3.307057886957767,-76.42210667131154,0.9186984288165201,0.5257175800428331
contaminacion_alta_NO2,0.15282927453517914,0.1419455111026764,1.0,3.5853559619778643,-76.49271425264435,-1.8058802080545293,0.3304474807192824
contaminacion_alta_NO2,0.6503616571426392,-0.18915599584579468,1.0,3.318107164952432,-76.34664818744442,0.8998298670218116,-0.08948367844868349
contaminacion_alta_NO2,0.5047670602798462,-0.20790599286556244,0.58935546875,3.4347084888310913,-76.57113717694911,-2.463849680581541,-1.6719337626496773
contaminacion_alta_NO2,0.691687285900116,-0.258551687002182,0.9990234375,3.4842954925144656,-76.42129818755582,2.734083452033621,-0.32706018449638946
ozono_anomalo,0.6707366704940796,-0.23492662608623505,1.0,3.3903317137956077,-76.45750029350636,2.2434190991064833,0.9831628594653992
vegetacion_densa,0.6345868110656738,-0.21123096346855164,1.0,3.515017875231339,-76.36191954727467,-0.3731768527179893,-1.7013581937095756
contaminacion_alta_NO2,0.2284562885761261,-0.22022029757499695,0.322021484375,3.4645325562638454,-76.63015649111661,-3.5358189893211507,-0.3028171303358295
contaminacion_alta_NO2,0.43833768367767334,-0.09186295419931412,0.866943359375,3.3266411601515635,-76.44007297699419,1.4413426580411615,0.6662630688144482
contaminacion_alta_NO2,0.696900486946106,-0.2658066749572754,1.0,3.5191501255382867,-76.47977851255284,-1.8692412410018415,-0.34011525781073837
vegetacion_densa,0.6783522367477417,-0.20420238375663757,1.0,3.433989836603796,-76.55757261615871,-1.4003174704423098,-1.4224273760794848
ozono_anomalo,0.34039217233657837,0.006300495006144047,1.0,3.547896214630098,-76.50304487841187,-0.42901353191337366,-0.7763317098832672
ozono_anomalo,0.14197292923927307,0.13867813348770142,0.9375,3.5581370088690556,-76.38617405994624,-1.1294829413163445,2.0109507822808323
vegetacion_densa,0.7415518760681152,-0.34906578063964844,1.0,3.61149693674573,-76.36254836797356,-0.517334251582708,-2.767042405475126
contaminacion_alta_NO2,0.7054632902145386,-0.27713653445243835,1.0,3.5272349630953586,-76.45390703236983,-0.023845398025224958,-0.2556098953421398
contaminacion_alta_NO2,0.5963281989097595,-0.2848964333534241,0.93701171875,3.4921108354863017,-76.45291888555728,-1.4786632387748633,-3.1380387314539258
contaminacion_alta_NO2,0.6170252561569214,-0.24828891456127167,0.98779296875,3.427072808916079,-76.41420149681117,1.218087366167006,1.427033443408625
contaminacion_alta_NO2,0.6681503653526306,-0.28043484687805176,0.996337890625,3.4412661904051607,-76.33919217058612,2.829202000244241,-0.28518143460575773
contaminacion_alta_NO2,0.5285478830337524,-0.06745012104511261,1.0,3.380899403312357,-76.42462195410711,0.7993530118006812,0.8773112018797359
ozono_anomalo,0.5285796523094177,-0.2584890127182007,0.9111328125,3.483756503343994,-76.62665306150849,0.006342104132431836,-1.4944256945882968
ozono_anomalo,0.3232614994049072,0.03877697139978409,0.787353515625,3.483936166400818,-76.44546286869898,-1.1993890651468238,-0.526036675926018
vegetacion_densa,0.7819638848304749,-0.26454958319664,1.0,3.5850864673926286,-76.53682153309525,1.8283851078460738,-1.5796268526409243
ozono_anomalo,0.4395955801010132,-0.05011975020170212,0.989990234375,3.528851930606773,-76.52298747771961,0.3170479195279983,0.24468241173797387
vegetacion_densa,0.6126667857170105,-0.1558578610420227,0.98095703125,3.327180149322035,-76.43701870502814,2.257438307850772,1.3436598764293923
ozono_anomalo,0.41662725806236267,-0.21692223846912384,0.578125,3.617425817620916,-76.44851714066503,-0.8171857861449598,1.1489423904491212
vegetacion_densa,0.8511541485786438,-0.3323180675506592,1.0,3.572510053414961,-76.58065931896091,2.445979923247945,-3.4084866059932564
ozono_anomalo,0.20634618401527405,0.05108556151390076,0.73974609375,3.49579392815119,-76.49855330199121,0.20813743108389954,2.8881824192310903
ozono_anomalo,0.5897021293640137,-0.21793010830879211,0.4267578125,3.3715569243575185,-76.42920336205619,-0.740307082869407,-1.7293298893482936
vegetacion_densa,0.7545005679130554,-0.2328093945980072,0.71337890625,3.3137054200602485,-76.51319584112257,-0.9430149548128222,-0.8913485447754536
ozono_anomalo,0.40529030561447144,-0.07940332591533661,0.7744140625,3.463903735564962,-76.55856076297125,-0.8470825680619686,0.014880192903729317
ozono_anomalo,0.3035123348236084,-0.015262555330991745,1.0,3.6112274421604944,-76.41680661113516,-0.8506232463619392,1.6232336186210907
vegetacion_densa,0.6851666569709778,-0.19045798480510712,0.97900390625,3.3554770807717866,-76.5120280312532,-1.5306387643607853,1.3599667013754964
ozono_anomalo,0.595332145690918,-0.12286023795604706,1.0,3.6114071052173182,-76.32904120787542,1.3625765493219846,-0.9302041695256957
vegetacion_densa,0.8044618368148804,-0.369571328163147,1.0,3.3326598725551615,-76.45345787472776,2.087283678819256,0.6569870483504641
vegetacion_densa,0.6536692976951599,-0.21899348497390747,0.90283203125,3.531636707987542,-76.39120462553738,-0.821117815516271,-0.03421349030867154
ozono_anomalo,0.5459706783294678,-0.18348132073879242,0.708984375,3.5952374301031744,-76.35374487818906,-0.9364770159861978,-1.1122725115936551
vegetacion_densa,0.7324097752571106,-0.28918659687042236,1.0,3.4516866477009422,-76.37629259182079,2.536507055523385,-0.12335794566053623
vegetacion_densa,0.6676527261734009,-0.22841238975524902,0.9443359375,3.343978645135062,-76.34458206229091,1.9609965364097925,0.2441045396438958
vegetacion_densa,0.6769614815711975,-0.1530047506093979,1.0,3.3068782239009433,-76.51876539588419,-0.8775681101860019,-2.071641726869245
vegetacion_densa,0.6077247262001038,-0.19903159141540527,0.8056640625,3.41584386786459,-76.59188826001257,-1.9251006623532139,-1.5845181160701753
vegetacion_densa,0.6155555248260498,-0.2485472857952118,0.568359375,3.4975007271910163,-76.38033501059938,1.247979469450002,-0.6360705184838824
ozono_anomalo,0.7110916376113892,-0.20819973945617676,0.903076171875,3.606825697268311,-76.61236984849079,1.2684731953361057,-1.2050738487365973
vegetacion_densa,0.6439105272293091,-0.30407610535621643,0.396728515625,3.5130415816062768,-76.36793825967835,-0.36717475712267444,-1.4097779008106712
ozono_anomalo,0.28692862391471863,-0.004156423732638359,1.0,3.5630777429317106,-76.45282905402887,0.30960168425927675,-0.13152336147378194
vegetacion_densa,0.6995101571083069,-0.2331957221031189,1.0,3.3437989820782383,-76.37350781443998,1.503082996006714,0.7992691874731397
vegetacion_densa,0.6415203213691711,-0.18185564875602722,0.99951171875,3.3956317739719104,-76.34610919827394,1.67975536619043,0.6929100702237996
vegetacion_densa,0.6090729832649231,-0.27156856656074524,0.52001953125,3.3234970566571467,-76.4680105823307,1.47843821009754,-0.7117256921685137
vegetacion_densa,0.7486226558685303,-0.34757280349731445,0.58544921875,3.6002679956942414,-76.63339042613948,-0.44591255552975684,-1.2933343464706988
vegetacion_densa,0.6305736303329468,-0.23367823660373688,0.77197265625,3.3264614970947397,-76.57338296515944,-2.2935816807092353,-1.8113563818110325
ozono_anomalo,0.702005922794342,-0.30008363723754883,0.91064453125,3.470910594781091,-76.32095637031823,0.2956637500734937,-1.2459706015269465
vegetacion_densa,0.7807735204696655,-0.3455507457256317,0.99658203125,3.576821966778733,-76.46306984826798,-0.411993591180658,-0.01806133688991348
ozono_anomalo,0.6201677918434143,-0.30207425355911255,0.5146484375,3.4824090304178155,-76.31709361459646,1.0967577662600356,0.4939965033446886
ozono_anomalo,0.7776570320129395,-0.36796602606773376,1.0,3.5401707031866736,-76.32490895756841,1.4841446207797266,-1.919429399378644
ozono_anomalo,0.29769423604011536,0.06234942376613617,0.47607421875,3.547806383101686,-76.54023513117495,-0.8774640609424186,0.5566761864431942
vegetacion_densa,0.6406298875808716,-0.19329984486103058,0.9951171875,3.3747908593803473,-76.58200679188711,-0.9590071819624407,-0.7416880703749857
vegetacion_densa,0.7908165454864502,-0.35920900106430054,1.0,3.6033222676602463,-76.40342171340158,-0.2368419961159789,-0.2954679993464995
vegetacion_densa,0.6140321493148804,-0.17270366847515106,0.93115234375,3.350177020595484,-76.51418398793511,-1.1225753911875893,0.3317649047687598
vegetacion_densa,0.7516406178474426,-0.36965036392211914,0.51318359375,3.4515968161725303,-76.37862821155953,0.8495641733628421,-0.4428215988332088
vegetacion_densa,0.6057266592979431,-0.258780300617218,0.4208984375,3.4724377307640935,-76.37153152081488,1.1813457676115788,-0.5888301349821291
vegetacion_densa,0.6726537942886353,-0.2836911380290985,0.9560546875,3.608622327836549,-76.61596310962732,1.7550839368632882,-2.94493682102729
ozono_anomalo,0.5325766801834106,-0.10625111311674118,1.0,3.604669740586425,-76.46109355464289,-0.3236738438210977,-1.093402602451608
vegetacion_densa,0.6774904131889343,-0.25709211826324463,0.98046875,3.5832898368243904,-76.42228633436837,-0.9365105949936396,-0.5655118681330094
ozono_anomalo,0.44872355461120605,-0.07142932713031769,0.842529296875,3.5872424240745144,-76.41545913820896,-1.46488215460985,-0.6814452393638444
ozono_anomalo,0.5727260112762451,-0.14240393042564392,1.0,3.368951810033573,-76.56844223109671,-1.4268577332870198,-1.4425168627865566
ozono_anomalo,0.5443956851959229,-0.1677408516407013,0.79541015625,3.382875696937419,-76.39857081086727,1.6564212524847417,1.5097567389703028
vegetacion_densa,0.6272503137588501,-0.2373097687959671,0.951904296875,3.400931834148213,-76.32463946298317,0.521773430518328,0.35376603661933154
vegetacion_densa,0.6604577898979187,-0.2819576859474182,0.626953125,3.3713772613006947,-76.36407550395658,0.14568436756605302,-0.25282032184134706
ozono_anomalo,0.6161502003669739,-0.14047124981880188,1.0,3.3897927246251363,-76.37799939086064,3.10088018605324,1.031803199941646
ozono_anomalo,0.31607645750045776,0.08117344975471497,1.0,3.580684722500445,-76.35239740526286,-1.4897984261343467,0.01339762997710319
ozono_anomalo,0.3798920214176178,-0.011746284551918507,0.923828125,3.463903735564962,-76.57302363904579,-0.9026095368366953,0.2288926462408
ozono_anomalo,0.46965575218200684,-0.14996811747550964,0.39599609375,3.4533036152123566,-76.6090460819395,-1.0476004041464126,-2.598776099887439
vegetacion_densa,0.699063777923584,-0.2808724045753479,0.8935546875,3.612844409671909,-76.31799192988059,-0.8479302466883422,0.03158447577395926
ozono_anomalo,0.7875627875328064,-0.3064579963684082,1.0,3.54987250825516,-76.57913218297789,-0.47684129398440545,-3.354196454853079
ozono_anomalo,0.6585611701011658,-0.24130141735076904,1.0,3.5821220269550356,-76.34323458936471,0.23093468282112103,-1.9213201708291874
vegetacion_densa,0.7134463787078857,-0.33713728189468384,0.9990234375,3.588859391585929,-76.40333188187317,-1.4031737751029252,-0.32688387481995407
ozono_anomalo,0.6396580934524536,-0.22837038338184357,0.9892578125,3.495883759679602,-76.36461449312706,1.9682570615251438,1.2732901386494992
ozono_anomalo,0.6510046720504761,-0.22958087921142578,0.301513671875,3.5302892350613635,-76.52298747771961,0.21751598089199198,-1.2937859813085715
ozono_anomalo,0.5729326009750366,-0.1407938450574875,0.80517578125,3.3508956728227792,-76.52002303728197,-1.6753702001891553,-0.5822425355389415
ozono_anomalo,0.5332199931144714,-0.160971999168396,1.0,3.4614782842978404,-76.38437742937798,1.9204912246860872,0.1176389582322977
vegetacion_densa,0.612642228603363,-0.2611715495586395,0.84423828125,3.484834481684937,-76.43594072668718,0.9866774771484922,1.9560344205763844
ozono_anomalo,0.6182785034179688,-0.17316249012947083,1.0,3.4953447705091305,-76.34080913809755,1.677181094904719,1.6621724172117596
vegetacion_densa,0.6070098876953125,-0.1503341943025589,1.0,3.3605974778912655,-76.3343412680518,1.7685879073860609,0.3191753132414159
vegetacion_densa,0.7732075452804565,-0.39990234375,1.0,3.491751509372654,-76.45157141263108,1.7158282975325219,-0.8988673957455482
ozono_anomalo,0.4558703601360321,-0.055615805089473724,0.7880859375,3.425994830575136,-76.35913476989386,-0.9234651372701281,-1.0532520424612428
ozono_anomalo,0.5022865533828735,-0.08423276990652084,0.8623046875,3.381887550124888,-76.30460703214702,2.3532004859260427,1.167793321904714
ozono_anomalo,0.5990720987319946,-0.19742579758167267,0.80712890625,3.6063765396262513,-76.34080913809755,-0.47492683104241007,-0.6091612259785153
vegetacion_densa,0.6484647989273071,-0.26499438285827637,0.6923828125,3.4306660700525553,-76.32392081075587,1.4128113510106213,0.6394679371672535
vegetacion_densa,0.6787753701210022,-0.24947908520698547,0.7958984375,3.31002232739536,-76.55604548017568,-2.151048298096336,-1.839165485561863
vegetacion_densa,0.6582677364349365,-0.24385343492031097,0.9853515625,3.382246876238536,-76.59898495075721,-0.23356379078616982,-0.43962417699141587
vegetacion_densa,0.6547254323959351,-0.19447170197963715,0.994140625,3.5441232904367976,-76.41384217069752,-0.768392218639387,0.6826127906991953
vegetacion_densa,0.6687887907028198,-0.28754860162734985,0.96484375,3.303105299707643,-76.36677044980898,1.6651399478635525,0.08427646951526002
vegetacion_densa,0.6843451261520386,-0.35279303789138794,0.958984375,3.393116491176377,-76.35958392753592,1.8189934097860105,-0.1203885195080613
ozono_anomalo,0.48324328660964966,-0.06188351660966873,1.0,3.4502493432463517,-76.45049343429012,0.9416177764986166,2.163194041565233
ozono_anomalo,0.45429182052612305,-0.16638658940792084,0.8330078125,3.343170161379355,-76.63383958378155,-0.9002523222243821,-2.566568070129611
ozono_anomalo,0.5274330377578735,-0.09606050699949265,1.0,3.338139595788288,-76.46854957150119,2.242119685353346,0.6119218697657044
vegetacion_densa,0.7237929105758667,-0.27231812477111816,1.0,3.3962605946707938,-76.368297585792,1.7365369943587552,0.7764224121937885
vegetacion_densa,0.7699260711669922,-0.39923131465911865,0.9345703125,3.465969860718436,-76.42605925856172,3.101825589506621,-0.6088742024815622
ozono_anomalo,0.4305139183998108,-0.10183723270893097,0.97900390625,3.6009866479215367,-76.30873928245403,-1.2309402545859376,-0.2644607023348679
vegetacion_densa,0.7772582769393921,-0.32681068778038025,0.8798828125,3.56352690057377,-76.32922087093225,-0.7439990252239586,0.1160969625050616
ozono_anomalo,0.44180387258529663,-0.12300608307123184,0.980224609375,3.5082805106004455,-76.48750402399638,-3.542883791393232,-2.9687098668217837
vegetacion_densa,0.7012791633605957,-0.3270229697227478,0.89208984375,3.5810440486140926,-76.37305865679791,-0.2097236493336125,-0.5232732327791662
ozono_anomalo,0.5879204273223877,-0.15945866703987122,1.0,3.5743066839831994,-76.33470059416545,0.7195830821163458,-1.0744422884971245
vegetacion_densa,0.7260630130767822,-0.306617796421051,1.0,3.4616579473546643,-76.37081286858758,1.3990502842620431,-0.33153022322800696
ozono_anomalo,0.7514163255691528,-0.33247020840644836,1.0,3.6131139042571445,-76.4340542645905,-0.6641711066370753,-0.9000718542460882
vegetacion_densa,0.8019234538078308,-0.40511584281921387,1.0,3.462107104996724,-76.38554523924735,1.5252746278059965,1.2792126911554385
ozono_anomalo,0.7419125437736511,-0.38533684611320496,1.0,3.582750847653919,-76.46558513106355,0.06590581081312168,0.3446877668252886
ozono_anomalo,0.39717501401901245,-0.08387290686368942,0.95947265625,3.540889355413969,-76.4740292947344,-1.2066494253856224,0.6373206201747239
ozono_anomalo,0.5741540193557739,-0.2010735124349594,1.0,3.4732462145198006,-76.44654084703994,2.504343445268306,2.032561983308392
vegetacion_densa,0.7194038033485413,-0.3201541304588318,0.384521484375,3.316310534384194,-76.33272430054036,1.7441869125370884,1.4754350914344359
vegetacion_densa,0.6745190620422363,-0.1983237862586975,0.892333984375,3.372904397283697,-76.58227628647235,-0.3758200618106048,-1.2973009930686266
ozono_anomalo,0.7383432388305664,-0.3360528349876404,1.0,3.644465107672901,-76.39866064239568,1.2944835140829547,-1.4836461389202513
ozono_anomalo,0.6469305753707886,-0.22436761856079102,0.990234375,3.570713422846723,-76.61488513128636,-0.8825362391217847,-2.7996774381210794
ozono_anomalo,0.15296326577663422,0.12736468017101288,1.0,3.4415356849903964,-76.50520083509379,-2.019818082051519,1.129649511024222
ozono_anomalo,0.5300086736679077,-0.2248648703098297,0.833984375,3.437133940098213,-76.30972742926657,0.7284157551676832,0.025217777392408477
ozono_anomalo,0.5945798754692078,-0.16011136770248413,1.0,3.325293687225385,-76.36156022116101,0.2342543819424758,0.9286344781630944
ozono_anomalo,0.8057906031608582,-0.33035701513290405,1.0,3.3208021108047894,-76.63878031784428,0.5310686674277194,-2.293962261712512
ozono_anomalo,0.2090940773487091,0.001290472224354744,0.63671875,3.438750907609627,-76.47654457752996,-0.31690909521939764,2.5461959250759536
ozono_anomalo,0.6371651887893677,-0.19616098701953888,1.0,3.5703540967330754,-76.39030631025325,0.9601432097396374,-1.032899077450223
vegetacion_densa,0.7237479090690613,-0.2528422474861145,0.875,3.6029629415465987,-76.59862562464356,1.6277399640914652,-0.5539925177546086
vegetacion_densa,0.6068400144577026,-0.27938082814216614,0.71240234375,3.362124613874268,-76.58892381957493,-1.7011194689657732,-2.034647123629167
ozono_anomalo,0.49227648973464966,-0.2215883433818817,0.3466796875,3.5019024720832,-76.59431371127972,-0.5635026847966242,-3.668959512772212
vegetacion_densa,0.6176388263702393,-0.28498512506484985,0.994140625,3.424827020705781,-76.35230757373445,2.744788014719634,-0.9168305729555384
ozono_anomalo,0.8478259444236755,-0.2968055009841919,1.0,3.3437091505498264,-76.62045468604798,1.4287985083747512,-2.142743123139526
ozono_anomalo,0.4606451690196991,-0.10630670189857483,0.70751953125,3.38808592558531,-76.57257448140372,-2.0642425541392835,-0.4179548095879834
vegetacion_densa,0.6271640062332153,-0.3196702301502228,0.996826171875,3.5303790665897754,-76.45633248363698,-0.2481939207627738,-0.3691208189509427
vegetacion_densa,0.726820707321167,-0.3203073740005493,1.0,3.49390746605454,-76.43701870502814,1.3659845096855594,0.9627207421724472
ozono_anomalo,0.7794074416160583,-0.25273653864860535,1.0,3.4973210641341925,-76.61731058255351,1.276571962219919,-1.8023478600564737
vegetacion_densa,0.7352893352508545,-0.18367674946784973,1.0,3.6059273819841917,-76.62243097967307,2.009523753504857,-2.5296059933805006
ozono_anomalo,0.586332380771637,-0.13436928391456604,0.9609375,3.470012279496972,-76.32984969163114,1.6460079626016526,1.6018083544318535
ozono_anomalo,0.6080875396728516,-0.25395500659942627,0.87451171875,3.531906202572778,-76.47726322975727,0.5340835316702183,-1.9070362932424265
vegetacion_densa,0.7701926827430725,-0.23200909793376923,1.0,3.597573049841884,-76.61443597364429,1.9126421451876279,-2.685967447962969
vegetacion_densa,0.6023198366165161,-0.23198933899402618,1.0,3.5210365876349368,-76.38231130422447,-1.277623376047648,0.2354825550924356
vegetacion_densa,0.6930019855499268,-0.28029730916023254,1.0,3.402908127773275,-76.63608537199188,-2.5930822342150286,-1.990936195752822
vegetacion_densa,0.6658825874328613,-0.24898523092269897,1.0,3.5110652879812148,-76.42623892161855,-2.1623635796716743,-0.11803452993089822
ozono_anomalo,0.5124782919883728,-0.113951675593853,1.0,3.321969920674144,-76.47492761001853,2.3450809919979445,0.2215195980759845
ozono_anomalo,0.4390363097190857,-0.20660191774368286,0.82421875,3.477737790940396,-76.35455336194478,0.6738594546350913,1.1835430987944728
vegetacion_densa,0.6684271097183228,-0.16206330060958862,1.0,3.4272524719729027,-76.44663067856835,0.3629271206109099,0.7392793613465187
ozono_anomalo,0.36113256216049194,0.05333157256245613,1.0,3.3887147462841933,-76.30505618978908,1.770436470207652,2.157901757662143
vegetacion_densa,0.6392134428024292,-0.0840044915676117,0.87744140625,3.508819499770917,-76.32598693590937,-0.7025979185203615,-0.8297417809402404
ozono_anomalo,0.647760272026062,-0.19253146648406982,1.0,3.324036045827618,-76.4957685246104,2.5132102249687915,-0.48593744155631824
vegetacion_densa,0.7900252938270569,-0.2794017493724823,1.0,3.3164901974410177,-76.55451834419266,-0.5825758841737577,-0.2897754950649761
ozono_anomalo,0.631497859954834,-0.29552555084228516,0.955810546875,3.5871525925461025,-76.47313097945026,-2.8641078788678502,-3.286132766677422
ozono_anomalo,0.5074794292449951,-0.12141375243663788,1.0,3.463903735564962,-76.35428386735954,2.320946931130251,2.322663146948412
ozono_anomalo,0.5821536779403687,-0.16956540942192078,1.0,3.3078663707134743,-76.49352273640007,2.88558132535791,0.3611033981692192
ozono_anomalo,0.6134610772132874,-0.148136705160141,1.0,3.34011588941335,-76.55245221903915,0.35707522299765065,0.016531483560212324
vegetacion_densa,0.7586053609848022,-0.22622768580913544,1.0,3.643746455445606,-76.62827002901993,2.118855916290938,-2.6320032691274315
vegetacion_densa,0.7137130498886108,-0.29638880491256714,0.60986328125,3.6118562628593778,-76.59368489058083,0.7525397470847051,-3.3856001293284943
vegetacion_densa,0.7741650342941284,-0.36145228147506714,1.0,3.4915718463158303,-76.37081286858758,2.0733843733355304,-0.5608086234029788
vegetacion_densa,0.6194888353347778,-0.1987597644329071,0.94775390625,3.603771425302306,-76.64336172579335,-0.4896932985164287,-1.7224672934748917
vegetacion_densa,0.7179883718490601,-0.36691635847091675,0.9921875,3.598651028182827,-76.39758266405472,0.06415296135367392,-2.8943517843739923
vegetacion_densa,0.6323416233062744,-0.28664717078208923,0.769775390625,3.57951691263109,-76.4407916292215,-1.6638943526107386,-2.334591182509109
ozono_anomalo,0.4244096875190735,-0.2966167628765106,0.958984375,3.3945537956309675,-76.63132430098598,-0.08206445241853066,-1.6807459892307715
ozono_anomalo,0.6810959577560425,-0.1879802644252777,0.85400390625,3.6111376106320825,-76.52586208662883,2.0863642128452176,-0.3672116342350262
vegetacion_densa,0.6037194132804871,-0.3340555429458618,0.51806640625,3.459951148314838,-76.42543043786283,1.025223675844421,1.6530536371173126
vegetacion_densa,0.6604670882225037,-0.3166031241416931,0.77783203125,3.4674071651730265,-76.36811792273518,2.0369344750359843,0.14034947505109127
ozono_anomalo,0.5868030786514282,-0.22914135456085205,0.594482421875,3.3494583683681887,-76.48364126827461,2.516078563906336,-0.17901506569030592
ozono_anomalo,0.6316136121749878,-0.1825006604194641,1.0,3.4334508474333245,-76.4394441562953,1.780591775114081,0.6149959566900219
ozono_anomalo,0.378192275762558,-0.14525412023067474,0.39453125,3.3494583683681887,-76.57014903013656,-0.9926186856817142,-0.1372701049383896
vegetacion_densa,0.6677614450454712,-0.09564968943595886,1.0,3.5912848428530504,-76.50466184592331,0.014551250352964723,-1.354239187193207
vegetacion_densa,0.7814270257949829,-0.3580036461353302,0.947265625,3.5991001858248866,-76.36335685172928,-0.2733288340714644,0.2036528532000567
vegetacion_densa,0.7596700191497803,-0.37993690371513367,1.0,3.451866310757766,-76.32841238717653,1.6825492671650453,-0.7245258352070315
vegetacion_densa,0.7050764560699463,-0.262776255607605,1.0,3.46381390403655,-76.64102610605461,-0.3124801031503958,-2.547581060595382
ozono_anomalo,0.5816948413848877,-0.16418761014938354,0.9951171875,3.542685985982207,-76.32868188176177,-1.1439250974558701,-0.05507136666205862
vegetacion_densa,0.6648960113525391,-0.30201125144958496,0.93359375,3.47180891006521,-76.6430023996797,-0.47187992403697293,-0.39604583280171923
vegetacion_densa,0.7330156564712524,-0.3391852378845215,1.0,3.32412587735603,-76.43549156904511,2.054192764077603,0.2791666275252642
vegetacion_densa,0.6375146508216858,-0.2575259208679199,0.8154296875,3.4274321350297265,-76.4503137712333,1.5159738934440194,1.8989643245610577
vegetacion_densa,0.6635667681694031,-0.21600234508514404,1.0,3.3277191384925064,-76.31341052193152,2.4518617963541103,1.220819652782997
vegetacion_densa,0.7209689617156982,-0.26788586378097534,1.0,3.6023341208477153,-76.3947080551455,0.3417104248115559,-1.0854635069197662
vegetacion_densa,0.6586840152740479,-0.25306475162506104,0.60205078125,3.444140799314342,-76.43414409611891,0.9650528217928578,-0.5373321994266101
ozono_anomalo,0.7246420979499817,-0.36003464460372925,1.0,3.614461377183323,-76.40863194204955,0.07876855279460483,-1.1208941960506646
vegetacion_densa,0.7135173678398132,-0.24354568123817444,1.0,3.491931172429478,-76.61677159338304,0.45410704938074214,-1.3954146992387537
vegetacion_densa,0.8696318864822388,-0.3262237012386322,0.797119140625,3.549782676726748,-76.59844596158673,1.9718777517313806,-3.414645874467811
vegetacion_densa,0.7586174011230469,-0.33391082286834717,0.9912109375,3.500644830685433,-76.6361752035203,1.511235754028934,-2.708650067224485
ozono_anomalo,0.3344118297100067,-0.16694456338882446,0.33984375,3.4914820147874184,-76.56170486646572,-0.9539674650658825,-0.36778824263878157
vegetacion_densa,0.7390602827072144,-0.24642379581928253,0.888671875,3.5973035552566484,-76.63967863312841,1.2437960960846774,-2.2068929883416994
vegetacion_densa,0.6258517503738403,-0.15437333285808563,1.0,3.335983639106402,-76.54912845248786,-1.2820502073820046,0.12401005444943433
ozono_anomalo,0.7265219688415527,-0.3291871249675751,1.0,3.3166698604978415,-76.45884776643256,2.7285323139960944,0.10061040151090718
ozono_anomalo,0.6653083562850952,-0.23256400227546692,0.955810546875,3.4625562626387834,-76.59664933101847,-0.38508605581235616,-3.407532000202808
vegetacion_densa,0.7480840682983398,-0.18236565589904785,1.0,3.470730931724267,-76.53565372322588,-0.9478132550807271,-1.240999762707112
vegetacion_densa,0.702086329460144,-0.17184774577617645,1.0,3.57574398843779,-76.62934800736089,1.6804497565278418,-2.3129075021629717
ozono_anomalo,0.217871755361557,0.11804309487342834,1.0,3.5909255167394027,-76.49280408417276,-1.7671456722040975,1.1484855108452896
ozono_anomalo,0.6715735793113708,-0.1616637110710144,0.986572265625,3.350177020595484,-76.51292634653733,-1.8339427973376303,0.07908263610254573
vegetacion_densa,0.6151847839355469,-0.20317509770393372,0.9833984375,3.401201328733449,-76.4130336869418,0.7328763707437578,-0.790955730288885
vegetacion_densa,0.7815160751342773,-0.2220359444618225,1.0,3.4566273817635973,-76.60446467399042,-0.9487164431440576,-1.275178249073754
vegetacion_densa,0.677592396736145,-0.25594907999038696,0.904541015625,3.528762099078361,-76.60212905425168,1.0058843667287383,-1.2025192335169692
vegetacion_densa,0.6345642805099487,-0.07000062614679337,1.0,3.503968597236674,-76.4014454197765,-0.2672277232982017,-0.14908023083400015
vegetacion_densa,0.7447656989097595,-0.34646424651145935,1.0,3.608712159364961,-76.46845973997277,-0.502960711664055,-0.283706057517073
ozono_anomalo,0.33894628286361694,0.009279660880565643,0.9951171875,3.363022929158387,-76.46360883743846,1.9068870861032798,0.926326946146916
vegetacion_densa,0.6965844631195068,-0.19642063975334167,0.684326171875,3.5580471773406437,-76.63357008919631,0.287406755200289,-1.3985895061886457
ozono_anomalo,0.5086932182312012,-0.05708780139684677,1.0,3.3857503058466003,-76.56448964384653,0.5499998865170268,-0.6630045259838586
vegetacion_densa,0.6904226541519165,-0.3025297522544861,0.9296875,3.5531962748064005,-76.58074915048932,-0.5875741782259077,-2.386871417984066
ozono_anomalo,0.47428029775619507,0.08105860650539398,1.0,3.3096630012817125,-76.53044349457791,-1.1986985790739237,1.2020200574766686
vegetacion_densa,0.74474036693573,-0.3245363235473633,1.0,3.372185745056402,-76.46405799508052,3.291885910361441,0.48961979026543323
vegetacion_densa,0.6712160110473633,-0.19726726412773132,0.947265625,3.3258326763958563,-76.53888765824875,-2.1338817436756172,-0.17964389787902468
vegetacion_densa,0.6156933903694153,-0.3026973009109497,0.6904296875,3.4823191988894036,-76.33883284447246,1.2151600591193394,-0.9644352586990992
ozono_anomalo,0.40888869762420654,-0.021023442968726158,1.0,3.588769560057517,-76.49765498670708,-1.6475818704364484,1.156393638536612
vegetacion_densa,0.7349846363067627,-0.3829677402973175,0.9990234375,3.493817634526128,-76.38204180963923,1.4573699524330086,0.24845620179908115
ozono_anomalo,0.6956812739372253,-0.27530163526535034,0.68505859375,3.4683953119855575,-76.35212791067762,1.8104649944890014,0.4847912356962807
ozono_anomalo,0.523148238658905,-0.22940796613693237,0.8564453125,3.5274146261521824,-76.61344782683175,-0.4961674803180808,-2.077779045621677
ozono_anomalo,0.11961570382118225,0.002169668674468994,0.346923828125,3.388265588642134,-76.55218272445391,-2.775071408994307,1.5570793872646056
vegetacion_densa,0.8322241306304932,-0.328615665435791,1.0,3.3148732299296033,-76.55874042602808,1.073198600000652,-2.825810412090067
ozono_anomalo,0.6252772808074951,-0.24287661910057068,1.0,3.4166523516202973,-76.31323085887469,1.469273654826295,2.1565465408477884
vegetacion_densa,0.833267092704773,-0.3657458424568176,1.0,3.5381944095616116,-76.55649463781775,2.436385104587293,-3.30121032096268
ozono_anomalo,0.37822920083999634,-0.33771592378616333,0.693359375,3.3234970566571467,-76.60751894595647,-0.21803148741231976,-1.729439219241637
ozono_anomalo,0.657381534576416,-0.2199268639087677,1.0,3.5572386935849365,-76.3391023390577,0.9827086886433338,-1.470417515854062
ozono_anomalo,0.6785598993301392,-0.27499037981033325,0.856689453125,3.538913061788907,-76.34673801897283,-3.638250950228698,-1.8135489598610022
vegetacion_densa,0.733736515045166,-0.4232167601585388,0.99755859375,3.558675998039527,-76.48112598547904,-0.08160437617668748,-0.5997718532015448
ozono_anomalo,0.4026815891265869,-0.2132367491722107,0.3330078125,3.3378701012030523,-76.60787827207012,-2.034249034196253,-1.163624081242526
ozono_anomalo,0.28941610455513,0.03342295438051224,0.7490234375,3.4574358655193045,-76.33784469765992,0.7445910838765605,2.587681666694022
vegetacion_densa,0.7844822406768799,-0.43301981687545776,0.82373046875,3.482768356531463,-76.40432002868572,1.5040829447634811,-0.9260316085991478
ozono_anomalo,0.7987985014915466,-0.37301376461982727,1.0,3.341193867754293,-76.38940799496912,2.1256297202079097,-0.22143173887117254
vegetacion_densa,0.6655418276786804,-0.13499514758586884,1.0,3.5414283445844403,-76.43126948720969,-1.3187306498641518,-1.8878416729746714
ozono_anomalo,0.4806637167930603,-0.0315413773059845,0.99755859375,3.533613001612604,-76.51355516723622,-0.8078036963242162,0.6588297219569672
ozono_anomalo,0.3782494366168976,-0.011191753670573235,0.763671875,3.555711557601934,-76.31448850027247,-1.4870370646304936,0.8446785086204238
vegetacion_densa,0.6482477188110352,-0.3175678253173828,0.32763671875,3.604849403643249,-76.33389211040974,-1.102130928585082,-2.7030012373351875
ozono_anomalo,0.5775855183601379,-0.1642669439315796,1.0,3.306159571673648,-76.40674547995287,1.7187487052133494,1.4939719879306579
vegetacion_densa,0.6609912514686584,-0.33040136098861694,0.793212890625,3.4944464552250114,-76.45363753778459,1.1106035098663172,0.34877769987685653
vegetacion_densa,0.6611278057098389,-0.3093608617782593,0.794921875,3.4935481399408923,-76.38734186981561,1.8609870208184711,-1.8201358264255496
ozono_anomalo,0.3690923750400543,0.03287007659673691,1.0,3.4665088498889074,-76.3479058288422,-1.069749935133894,-0.7390352096986296
vegetacion_densa,0.6678684949874878,-0.2433885931968689,0.9970703125,3.4292287655979647,-76.33793452918833,1.860193547039638,1.2773405798277806
ozono_anomalo,0.7632258534431458,-0.28570157289505005,0.84423828125,3.552657285635929,-76.58703735747825,1.979543850589165,-3.4822644912358967
vegetacion_densa,0.60881507396698,-0.1385575234889984,1.0,3.5103466357539195,-76.30766130411307,-1.538144162827173,-0.8393696841996465
vegetacion_densa,0.6627402305603027,-0.20252543687820435,0.9912109375,3.3606873094196774,-76.44734933079566,1.0744799019345894,0.00699599680087201
ozono_anomalo,0.3890877962112427,-0.2547992765903473,0.3427734375,3.5415181761128522,-76.59943410839928,0.7926832690631236,-3.253079738369796
vegetacion_densa,0.6106555461883545,-0.20342889428138733,0.8369140625,3.3937453118752603,-76.49963128033217,-0.8891668161604471,1.1641563916449247
ozono_anomalo,0.5813309550285339,-0.17616432905197144,1.0,3.4852836393269966,-76.45839860879049,1.7055640737804227,0.5801109358425705
ozono_anomalo,0.5750842094421387,-0.1443851888179779,0.9970703125,3.3827858654090073,-76.50043976408789,-0.728875071836184,0.5428933223782352
vegetacion_densa,0.7359601259231567,-0.3417755365371704,0.8798828125,3.34200235151,-76.47888019726871,1.7815021729719673,1.723033292206805
ozono_anomalo,0.3167340159416199,0.010320059023797512,0.982177734375,3.4074895357222825,-76.54203176174322,-1.4709920856491259,-0.43657630868539454
ozono_anomalo,0.7630281448364258,-0.2087409794330597,1.0,3.6332361666214124,-76.59557135267751,1.9914580640648232,-2.2791430635513112
ozono_anomalo,0.7689787149429321,-0.40874311327934265,0.7626953125,3.4915718463158303,-76.4082726159359,2.111059698569176,-0.15078471995545034
vegetacion_densa,0.6070785522460938,-0.23806431889533997,0.88623046875,3.6080833386660776,-76.63087514334391,0.9296316884523081,-0.9617294715901787
ozono_anomalo,0.3611012101173401,0.017880145460367203,0.8447265625,3.5861644457335715,-76.30730197799942,0.2566463623807445,0.2065462959436001
vegetacion_densa,0.6869217157363892,-0.196950763463974,0.85302734375,3.610508789933199,-76.62243097967307,1.0962891464026177,-2.0675165909687827
vegetacion_densa,0.7428972721099854,-0.23506981134414673,0.9990234375,3.5290315936635968,-76.38680288064513,0.19947307237382464,-1.2775396227402482
ozono_anomalo,0.6412556171417236,-0.150591179728508,1.0,3.5793372495742664,-76.3058646735448,0.47300891492481,-0.6549335106742776
vegetacion_densa,0.7267438769340515,-0.2764658033847809,0.91162109375,3.409016671705285,-76.3878808589861,1.3615448237594538,-0.6320603021403471
vegetacion_densa,0.729223906993866,-0.3006153702735901,1.0,3.4860921230827038,-76.33982099128501,3.222049611938094,-0.18147434949871077
vegetacion_densa,0.6690363883972168,-0.30412518978118896,0.361328125,3.512951750077865,-76.36973489024662,-0.8412177074254211,0.0037998175262778833
ozono_anomalo,0.7821630239486694,-0.2525956928730011,1.0,3.5272349630953586,-76.61021389180887,1.5914952153252397,-2.598152644737517
ozono_anomalo,0.30782631039619446,-0.15642601251602173,0.427490234375,3.5130415816062768,-76.5656574537159,-1.5125547292405774,-1.295257777420111
ozono_anomalo,0.12185795605182648,0.14048045873641968,0.82373046875,3.5569691989997008,-76.38644355453148,-1.2265030355467215,2.037895938036259
ozono_anomalo,0.7058145403862,-0.2703475058078766,1.0,3.3298750951743923,-76.40710480606653,3.9061043328191283,0.49455712859805057
ozono_anomalo,0.5000995397567749,-0.16509079933166504,1.0,3.530918055760247,-76.48139548006428,-0.8733332747624636,0.23225508602208925
vegetacion_densa,0.7637789249420166,-0.3078306317329407,1.0,3.311010474207891,-76.346558355916,2.8755611846650457,-0.8206781838408974
ozono_anomalo,0.2758576273918152,-0.01743754744529724,0.451171875,3.3967995838412652,-76.49352273640007,0.7269752487496107,0.22755310324648031
ozono_anomalo,0.6396760940551758,-0.18461821973323822,1.0,3.371287429772283,-76.37081286858758,2.2378780256342834,0.7042586861451416
vegetacion_densa,0.6978303790092468,-0.327004075050354,0.56494140625,3.4312050592230268,-76.41204554012926,0.18040722985695232,-0.43800240188092243
vegetacion_densa,0.6266569495201111,-0.3006380498409271,0.937255859375,3.381168897897593,-76.31987839197727,1.9764683535595622,1.2839214698914656
ozono_anomalo,0.5819007158279419,-0.18836838006973267,0.9716796875,3.4054234105688086,-76.5670049266421,-0.8291211815653406,-0.8996109530598707
ozono_anomalo,0.7194696068763733,-0.34010910987854004,0.732421875,3.3156817136853105,-76.33263446901195,-0.22870129694953045,-2.247000821210657
vegetacion_densa,0.6857478618621826,-0.3478432297706604,0.69970703125,3.320981773861613,-76.36173988421784,1.0864559002164664,-0.9772499424305937
vegetacion_densa,0.6833405494689941,-0.29369741678237915,0.726806640625,3.465880029190024,-76.64147526369668,-0.2466506884090306,-1.2147248439871243
ozono_anomalo,0.6961114406585693,-0.20418834686279297,1.0,3.6350327971896506,-76.31727327765329,1.173609429333328,-1.6573873432253334
ozono_anomalo,0.39150363206863403,-0.030462970957159996,0.6484375,3.5870627610176906,-76.37808922238905,-1.3707065886976126,-0.5717410982970683
vegetacion_densa,0.6437236666679382,-0.31659233570098877,0.9873046875,3.5382842410900235,-76.47250215875137,-0.6050827287913955,0.3302725755559763
vegetacion_densa,0.784500002861023,-0.37692445516586304,1.0,3.4582443492750117,-76.40863194204955,3.7270061198758757,0.21047392108484472
ozono_anomalo,0.47829270362854004,-0.15098936855793,0.9677734375,3.5593048187384104,-76.48750402399638,-1.6294693433092282,0.5229932787470902
ozono_anomalo,0.6741753816604614,-0.2748405337333679,1.0,3.4353373095299746,-76.4136625076407,1.6377694488014949,1.0218402732244543
vegetacion_densa,0.7860985398292542,-0.3159800171852112,0.9609375,3.4831276826451107,-76.63294126849742,0.5961532448361737,-2.4836009890541333
ozono_anomalo,0.6034102439880371,-0.17382578551769257,1.0,3.4204252758135976,-76.45516467376761,1.2671967534275177,1.7166915765557766
vegetacion_densa,0.6503337025642395,-0.2875194549560547,0.44384765625,3.4833971772303465,-76.36245853644515,1.0900022488656522,-0.807577496303703
vegetacion_densa,0.7244003415107727,-0.3204275369644165,0.914794921875,3.5571488620565246,-76.40728446912335,-1.0700266792674802,-2.000881113270097
ozono_anomalo,0.46454018354415894,-0.15604300796985626,0.41796875,3.5160958535722817,-76.6382413286738,0.4975385979251664,-2.084041158392907
vegetacion_densa,0.6089706420898438,-0.21258540451526642,1.0,3.352961797976253,-76.38285029339495,1.7179618264977565,0.4699057357928819
vegetacion_densa,0.7223678827285767,-0.31664329767227173,0.6591796875,3.34999735753866,-76.60437484246201,-0.245356280364051,-0.7702583903571618
vegetacion_densa,0.6721312999725342,-0.15113642811775208,1.0,3.6121257574446135,-76.5975476463026,1.7335795375135328,-2.138884719593131
ozono_anomalo,0.33644184470176697,-0.09187011420726776,0.4091796875,3.5399910401298498,-76.38105366282669,-2.013304019713235,-2.5562888153975876
vegetacion_densa,0.6271811723709106,-0.18612496554851532,1.0,3.600627321807889,-76.47699373517203,-0.8474042078945477,0.30123778286994113
ozono_anomalo,0.7647725939750671,-0.32279565930366516,0.3837890625,3.3325700410267496,-76.33658705626213,1.8049900400051306,-0.42896318438580544
ozono_anomalo,0.6441377997398376,-0.28418463468551636,1.0,3.446027261410992,-76.32634626202302,2.994859380918111,0.5096254640381029
ozono_anomalo,0.6289961338043213,-0.20466884970664978,1.0,3.337061617447345,-76.45049343429012,2.1641836545968522,0.9039850126656321
ozono_anomalo,0.7166406512260437,-0.3384377360343933,1.0,3.3296056005891566,-76.37216034151378,2.9665253245812546,1.1828170654540717
ozono_anomalo,0.5532758235931396,-0.08511608839035034,1.0,3.3927571650627293,-76.44923579289234,2.271463165231572,0.44809039472214024
ozono_anomalo,0.6099620461463928,-0.2967851161956787,0.580078125,3.4219524117966,-76.37153152081488,1.3743192256558372,-0.3381348836448437
ozono_anomalo,0.7409602403640747,-0.31007784605026245,0.90673828125,3.5231925443168226,-76.5649388014886,0.4288831478860851,-0.7445844890554291
ozono_anomalo,0.7104027271270752,-0.2843461036682129,0.5107421875,3.585535625034688,-76.5900916294443,0.8068763238134448,-2.805678289954967
ozono_anomalo,0.5042067766189575,-0.2282828986644745,1.0,3.532624854800073,-76.47393946320598,-1.1011214627868715,-3.68796200561362
ozono_anomalo,0.8738348484039307,-0.32096928358078003,1.0,3.3376904381462285,-76.64623633470258,1.4907066607030521,-2.25167346055973
ozono_anomalo,0.3049343228340149,-0.1308654099702835,0.615234375,3.48402599792923,-76.37764006474698,-0.7119807613859831,-1.6987771498941215
ozono_anomalo,0.5021411776542664,-0.20719845592975616,0.53271484375,3.451866310757766,-76.34341425242154,-0.8103571255554011,-1.5463849059890478
ozono_anomalo,0.4383726716041565,-0.10232749581336975,0.8935546875,3.472078404650446,-76.40665564842446,1.7858751208376407,1.2105694377065765
ozono_anomalo,0.6002732515335083,-0.10509675741195679,1.0,3.451956142286178,-76.46639361481927,-0.099870397345322,1.9387116757236387
ozono_anomalo,0.6460278034210205,-0.21378061175346375,1.0,3.366077201124392,-76.30595450507322,-0.3979916464094997,-0.21305649507010693
ozono_anomalo,0.5716646909713745,-0.1793915182352066,1.0,3.4654308715479645,-76.4313593187381,2.4296983153335256,0.21507717232969414
ozono_anomalo,0.17300496995449066,0.08191139996051788,0.721435546875,3.426893145859255,-76.53394692418603,-2.402594999617627,-0.17807623893218522
ozono_anomalo,0.5575364828109741,-0.2419963777065277,0.91943359375,3.575654156909378,-76.40836244746431,-0.8933892891579215,0.03884207401746782
ozono_anomalo,0.466092050075531,-0.020130731165409088,1.0,3.5160958535722817,-76.49810414434914,-0.8221219689144057,-1.097351559700702
ozono_anomalo,0.321658730506897,0.0542694516479969,0.99560546875,3.386019800431836,-76.56269301327826,-2.1175961033010076,0.2766614212528832
ozono_anomalo,0.2118702232837677,0.10754896700382233,0.99609375,3.3996741927504464,-76.5175077544864,-3.072696022690347,1.743143048453514
ozono_anomalo,0.6814433336257935,-0.21257151663303375,1.0,3.5530166117495767,-76.32365131617063,-1.4555925506120546,-1.2631824058080976
suelo_urbano,0.26432737708091736,0.08855141699314117,1.0,3.474953013559627,-76.5194840481115,-1.6758771355371507,1.105299792530361
suelo_urbano,0.13809461891651154,0.1619308441877365,0.99609375,3.421862580268188,-76.49603801919564,-1.2278508003708188,2.802930338335138
suelo_urbano,0.10194505751132965,0.1269337236881256,0.821044921875,3.421862580268188,-76.48498874120081,-1.7793269446632123,3.9861949207315344
suelo_urbano,0.25841233134269714,0.055641889572143555,0.97265625,3.40596239973928,-76.52514343440153,-1.7959950989813618,-1.9269202528335476
suelo_urbano,0.09164896607398987,0.16635754704475403,0.978271484375,3.438122086910744,-76.52262815160596,-2.950225927855183,0.9495948559020683
suelo_urbano,0.12433023750782013,0.17524363100528717,1.0,3.418808308302183,-76.49837363893438,-0.7000919957507135,2.0342949329209783
suelo_urbano,0.11567515134811401,0.16292615234851837,1.0,3.416113362449826,-76.47825137656982,0.42360250822560824,3.4111715995149616
suelo_urbano,0.15982970595359802,0.056915417313575745,0.54052734375,3.536846936635433,-76.31251220664738,-1.444720129415841,-0.6538011974861611
suelo_urbano,0.2652518153190613,0.23045969009399414,0.992919921875,3.3204427846911417,-76.32481912604,0.7933691587369828,2.0094155334963055
suelo_urbano,0.16366922855377197,0.10739776492118835,0.9765625,3.4362356248140937,-76.48211413229158,1.2214584654043992,1.0141581270535507
suelo_urbano,0.14900699257850647,0.06100182235240936,0.95751953125,3.4833073457019346,-76.48669554024066,0.028111237488406167,1.572628881030439
suelo_urbano,0.2801249623298645,0.15151526033878326,0.861083984375,3.3558364068854343,-76.40683531148129,-0.27860950937199114,1.5062220257351238
suelo_urbano,0.18146327137947083,0.10280939191579819,0.97607421875,3.4434221470870465,-76.48930065456464,-0.3600557656190875,2.674691722571826
suelo_urbano,0.25844284892082214,0.12766072154045105,1.0,3.458873169973895,-76.42408296493663,1.8153994301466312,1.6760652784458923
suelo_urbano,0.12269749492406845,0.13195529580116272,0.806640625,3.4355169725867984,-76.499810943389,0.4736154840248851,2.2936353817116166
suelo_urbano,0.06850756704807281,0.05485653877258301,0.35009765625,3.497770221776252,-76.51651960767386,-2.944230208690669,0.08029827972855468
suelo_urbano,0.14766870439052582,0.14262011647224426,1.0,3.4092861662905207,-76.50807544400301,-2.517029974488847,-1.3298339176388734
suelo_urbano,0.22387519478797913,0.07533527910709381,0.99609375,3.474054698275508,-76.49280408417276,1.1691804250881788,3.3375374808076845
suelo_urbano,0.05985436215996742,0.08851631730794907,0.830322265625,3.4525849629850613,-76.53215029361776,-3.651143327308065,1.0886680067261327
suelo_urbano,0.029130060225725174,0.15612885355949402,0.461669921875,3.4093759978189326,-76.49289391570117,-0.6811343887125384,1.8499735571221665
suelo_urbano,0.06278818100690842,0.08216458559036255,0.85986328125,3.434888151887915,-76.53825883754986,-2.8225599297062067,-0.207345218399159
suelo_urbano,0.2705644965171814,0.13590168952941895,1.0,3.3158613767421343,-76.38824018509975,0.726113866724512,1.9133246270900772
suelo_urbano,0.2750009298324585,0.07454551011323929,0.9990234375,3.4923803300715375,-76.50241605771298,-2.363431266038263,0.47073769761137985
suelo_urbano,0.22213022410869598,0.055422648787498474,0.851806640625,3.4542019304964757,-76.5351147340554,-2.7746975350615397,0.8319860518550473
suelo_urbano,0.041741225868463516,0.05276327580213547,0.4599609375,3.427881292671786,-76.52783838025393,-2.832801300838429,0.3014695630090907
suelo_urbano,0.2894970178604126,0.0516338087618351,1.0,3.5962255769157054,-76.44267809131817,-0.336082228600507,-0.10806128863156131
suelo_urbano,0.1974419355392456,0.0911305621266365,0.998046875,3.4283304503138456,-76.5378096799078,-1.7338663203281244,1.2714870900971167
suelo_urbano,0.151605024933815,0.09839597344398499,0.95703125,3.492649824656773,-76.51050089527017,-3.2409948336061984,-0.07056126707953686
suelo_urbano,0.18821167945861816,0.12784653902053833,0.955810546875,3.4147658895236472,-76.52945534776536,-3.149224753217517,0.12150913065366897
suelo_urbano,0.18238601088523865,0.1397048830986023,0.9755859375,3.420874433455657,-76.51112971596906,-0.9448223073086199,-0.013329976390064998
suelo_urbano,0.10113009810447693,0.1327531486749649,0.92333984375,3.4663291868320836,-76.51077038985541,-2.7312589919287587,0.8428448556521141
suelo_urbano,0.22780165076255798,0.1321260631084442,0.9931640625,3.4063217258529277,-76.34916347023999,1.046239703817405,3.051704660101396
suelo_urbano,0.13940227031707764,0.07649514824151993,0.43505859375,3.430755901580967,-76.51130937902589,-2.073683633142313,0.451720475828641
suelo_urbano,0.11547349393367767,0.1287958025932312,0.7001953125,3.424827020705781,-76.51669927073068,-2.277584001549073,0.7000254299847347
suelo_urbano,0.28955793380737305,0.06911295652389526,0.88671875,3.4224015694386596,-76.3954267073728,0.09694943797430071,0.8114286257626464
suelo_urbano,0.24075303971767426,0.10832156240940094,0.99365234375,3.4736055406334483,-76.48615655107018,1.5452556242174533,1.208215875798532
suelo_urbano,0.2845364809036255,0.061047233641147614,1.0,3.3924876704774936,-76.5452656967661,-1.463322394688543,1.353062849718033
suelo_urbano,0.010694394819438457,0.05888336896896362,0.88916015625,3.423120221665955,-76.50475167745172,-5.200063143634671,-1.0668106420482755
suelo_urbano,0.25580576062202454,0.07104270905256271,0.98486328125,3.4762106549573937,-76.51184836819637,-2.5260775981698353,-0.5825272267609737
suelo_urbano,0.1548844277858734,0.08423052728176117,0.9462890625,3.4124302697849376,-76.52963501082219,-2.0347941879545277,-1.548631420800012
suelo_urbano,0.171263188123703,0.10706370323896408,0.99609375,3.3905113768524315,-76.55936924672697,-1.9852128306439474,0.38983258841475665
suelo_urbano,0.2893010377883911,0.10272183269262314,0.997314453125,3.5474470569880383,-76.30945793468133,-0.25564244923527,1.4306010099280078
suelo_urbano,0.1926075518131256,0.09492038190364838,0.5439453125,3.405872568210868,-76.3458397036887,0.010488147502110322,1.1486596791997674
suelo_urbano,0.1636049896478653,0.09395664930343628,0.852783203125,3.4662393553036717,-76.52918585318012,-2.9580447305579876,-0.2373724361819301
suelo_urbano,0.17177630960941315,0.1373303234577179,1.0,3.5853559619778643,-76.49271425264435,-2.046470842926819,-0.5713874111029605
suelo_urbano,0.12653516232967377,0.13221541047096252,0.931640625,3.4683054804571456,-76.50960257998604,-3.4467404720371357,0.7919589163048317
suelo_urbano,0.19623801112174988,0.12245587259531021,1.0,3.3873672733580147,-76.55397935502218,-2.225915657851752,0.09003709326218014
suelo_urbano,0.22429245710372925,0.09400469064712524,0.98046875,3.3956317739719104,-76.51238735736685,-2.0633880755026266,-0.36749488224518856
suelo_urbano,0.13132184743881226,0.1500677913427353,1.0,3.4476442289224063,-76.51822640671371,-0.6872876159206882,1.4757863270351714
suelo_urbano,0.21083593368530273,0.11335662007331848,1.0,3.472797056877741,-76.48750402399638,1.7858539413830272,1.8894108892489403
suelo_urbano,0.1972479373216629,0.07540550827980042,0.8408203125,3.447105239751935,-76.48822267622369,-0.29587301397759563,1.6649873365369614
suelo_urbano,0.22674983739852905,0.05923798680305481,1.0,3.5232823758452345,-76.49945161727534,-1.1577615099122351,0.7847474171223278
suelo_urbano,0.13776779174804688,0.12051518261432648,0.968994140625,3.4176404984328284,-76.50645847649157,-2.3564957311685437,2.191088753970133
suelo_urbano,0.12965437769889832,0.06067211925983429,0.85302734375,3.4664190183604955,-76.52415528758898,-2.3491243061579636,0.19215358214798317
suelo_urbano,0.02033684402704239,0.11880684643983841,0.576416015625,3.4483628811497016,-76.52370612994692,-3.7786879448765234,-0.2586004172193467
suelo_urbano,0.14206087589263916,0.058105528354644775,0.71630859375,3.4732462145198006,-76.48130564853587,-1.1462662123571863,2.6772369670151397
suelo_urbano,0.1532452553510666,0.06015579029917717,0.76123046875,3.489954878804416,-76.49001930679195,-0.40797556860178347,3.367531556106714
suelo_urbano,0.10569290816783905,0.12762875854969025,0.99072265625,3.434977983416327,-76.53673170156684,-2.1547878679411263,1.693531259837037
suelo_urbano,0.22323164343833923,0.17059636116027832,0.978515625,3.3944639641025556,-76.44303741743182,0.8358990163519004,2.142259869047757
suelo_urbano,0.06787662953138351,0.06981417536735535,0.5634765625,3.440906864291513,-76.50079909020154,-3.261570915514902,0.3085521446336371
suelo_urbano,0.21538643538951874,0.11174969375133514,1.0,3.4785462746961033,-76.48885149692258,1.1276264109446048,2.511221904881779
suelo_urbano,0.2565869987010956,0.08197136223316193,1.0,3.4045250952846895,-76.5194840481115,-1.6055136929282383,-0.5652612105300183
suelo_urbano,0.15944157540798187,0.12622562050819397,0.872314453125,3.3966199207844414,-76.38527574466211,0.7469033078567751,2.2554455895617953
suelo_urbano,0.22591853141784668,0.10839644074440002,0.997314453125,3.5762829776082614,-76.49280408417276,-1.6581858611151448,1.1829954782603043
suelo_urbano,0.1511758416891098,0.12027566134929657,0.9453125,3.477827622468808,-76.50690763413364,-2.6055323661562952,2.4851441975569672
suelo_urbano,0.21962785720825195,0.07926013320684433,1.0,3.4472849028087587,-76.48283278451889,1.6709542506776347,-0.2851292148630074
suelo_urbano,0.13776461780071259,0.0691046491265297,0.33154296875,3.501632977497964,-76.48148531159269,-2.2491071487400367,0.7512916560760597
suelo_urbano,0.2709876596927643,0.0971938818693161,1.0,3.5220247344474678,-76.30487652673226,-1.7473814651214332,0.4486706595924639
suelo_urbano,0.18474748730659485,0.14669954776763916,0.85888671875,3.4156642048077663,-76.47322081097867,0.15516694668950412,1.5275590823826757
suelo_urbano,0.07087460160255432,0.1664714813232422,0.9404296875,3.4403678751210416,-76.51535179780448,-1.705136210050468,0.3226127635890711
suelo_urbano,0.12704813480377197,0.12330466508865356,0.9755859375,3.447913723507642,-76.51687893378751,-1.8393241225042043,-0.3425926296700433
suelo_urbano,0.09681124240159988,0.1028403639793396,0.5810546875,3.3893435669830767,-76.55487767030631,-4.496765288337652,-0.956780444811043
suelo_urbano,0.23259451985359192,0.056436628103256226,0.94140625,3.4586036753886593,-76.46423765813735,0.012615622285639644,1.290763932769553
suelo_urbano,0.1594768464565277,0.14381104707717896,0.97607421875,3.4224914009670715,-76.50825510705984,-2.4354019162669016,2.345746386451696
suelo_urbano,0.13694339990615845,0.13663864135742188,0.9990234375,3.4415356849903964,-76.50520083509379,-1.631427444220985,0.7512936570741289
suelo_urbano,0.28575849533081055,0.062377799302339554,1.0,3.4046149268131014,-76.52801804331075,-2.822289653680506,0.8554062110883017
suelo_urbano,0.19923684000968933,0.06535013020038605,0.70263671875,3.387187610301191,-76.56233368716461,-3.883230329859906,2.3492425738600855
suelo_urbano,0.2090482860803604,0.11359149217605591,1.0,3.409914986989404,-76.53349776654396,-1.8968103719781066,-0.5419067201926578
suelo_urbano,0.19015946984291077,0.12222703546285629,1.0,3.4552799088374186,-76.48588705648494,0.022306316860765264,2.7655709933284687
suelo_urbano,0.1842634528875351,0.07931944727897644,0.81591796875,3.4705512686674433,-76.49199560041704,-0.38436191054014224,1.6228733646049054
suelo_urbano,0.1595972776412964,0.11918453872203827,0.94140625,3.4247371891773692,-76.4984634704628,-0.06073560665187244,1.173160698385568
suelo_urbano,0.14964944124221802,0.12234688550233841,1.0,3.417011677733945,-76.48139548006428,-0.2301526427625993,1.785609969774115
suelo_urbano,0.1694469451904297,0.09674341976642609,1.0,3.5351401375956066,-76.49594818766722,-0.55435141311658,1.8039146998778592
suelo_urbano,0.2133832573890686,0.08306771516799927,0.991943359375,3.466868176002555,-76.48453958355874,-0.9905638672435423,2.44924380816914
suelo_urbano,0.2734260559082031,0.08410709351301193,1.0,3.4816005466621083,-76.50349403605394,-1.4660301437139962,-0.9197406490282153
suelo_urbano,0.1787106692790985,0.1185310035943985,1.0,3.421054096512481,-76.51696876531592,-0.6391431837087245,1.411828167517574
suelo_urbano,0.09969303756952286,0.09960563480854034,0.634765625,3.414855721052059,-76.49469054626944,-0.9348997701639482,2.817547194569539
suelo_urbano,0.16351330280303955,0.1226697489619255,1.0,3.409825155460992,-76.47870053421188,1.3970181138197217,1.7555447462422678
suelo_urbano,0.21458232402801514,0.06644165515899658,1.0,3.488697237406649,-76.48651587718383,-1.199703738911174,3.3967472419399134
suelo_urbano,0.10928475856781006,0.17305408418178558,0.98681640625,3.4223117379102477,-76.52280781466278,-2.463585280705032,0.6229059217514142
suelo_urbano,0.22306564450263977,0.10584890842437744,1.0,3.5909255167394027,-76.49280408417276,-2.1548024419594682,0.2342070408873628
suelo_urbano,0.29827868938446045,0.0930512398481369,1.0,3.5210365876349368,-76.49397189404213,-1.806382529784202,1.2976125474087488
suelo_urbano,0.08259004354476929,0.16202512383460999,0.8994140625,3.41207094367129,-76.49136677971815,0.004156343935736739,2.366073161830147
suelo_urbano,0.22830244898796082,0.07942637801170349,0.9970703125,3.388265588642134,-76.55218272445391,-3.6323639809090147,1.4610857695401256
suelo_urbano,0.1919611394405365,0.10289429128170013,1.0,3.4183591506601236,-76.51427381946353,-1.9785987691442344,0.629998259113002
suelo_urbano,0.22455865144729614,0.08997218310832977,0.95703125,3.479085263866575,-76.50250588924139,-2.1002007221366097,0.7798614082600158
suelo_urbano,0.268390417098999,0.06009773164987564,1.0,3.4022793070743917,-76.38401810326432,1.363453902496319,1.5147151432967754
suelo_urbano,0.2677980065345764,0.0806904286146164,1.0,3.4383915814959796,-76.54418771842514,-1.2454081085281992,-1.7881147514316809
suelo_urbano,0.23585891723632812,0.0530259907245636,1.0,3.4752225081448627,-76.50358386758235,-1.6485320292829446,-2.0475076649383928
suelo_urbano,0.15199869871139526,0.1475488394498825,1.0,3.412160775199702,-76.50268555229822,-1.4513839047099721,1.320096470775598
suelo_urbano,0.12526026368141174,0.12341555207967758,0.82421875,3.4135980796542924,-76.475466599189,1.1291716319427976,3.591134420639239
suelo_urbano,0.12909112870693207,0.1468944549560547,1.0,3.4352474780015627,-76.53709102768049,-1.970769215174542,0.4367349064376342
suelo_urbano,0.2747231721878052,0.07647879421710968,0.96240234375,3.42383887389325,-76.46738176163181,-1.2220710377142785,2.2075917289747133
suelo_urbano,0.22316968441009521,0.11246626824140549,0.9716796875,3.5569691989997008,-76.38644355453148,-2.307903303777947,1.759716130418675
suelo_urbano,0.16625146567821503,0.08887596428394318,0.7802734375,3.439918717478982,-76.49388206251372,1.292020692814089,2.0143804793345064
suelo_urbano,0.187950998544693,0.12180250883102417,1.0,3.5782592712333234,-76.49181593736022,-1.7556426106747953,0.2537494700456419
suelo_urbano,0.1852221041917801,0.06435500085353851,0.8701171875,3.4673173336446146,-76.48992947526354,0.4341323831604546,1.9335095428878937
suelo_urbano,0.20719176530838013,0.10677854716777802,0.98876953125,3.475761497315334,-76.48471924661557,-0.33639983114113026,1.7002344150018707
suelo_urbano,0.21757441759109497,0.1123255044221878,1.0,3.4167421831487093,-76.56413031773288,-2.1473475859006133,1.8688829808834941
suelo_urbano,0.11570395529270172,0.141681969165802,1.0,3.4097353239325803,-76.510680558327,-1.5606153846944146,1.5458819180243526
suelo_urbano,0.13664349913597107,0.15438047051429749,1.0,3.4173710038475926,-76.5059194873211,-3.0766193829233632,1.1730877992954458
suelo_urbano,0.11587349325418472,0.17326876521110535,1.0,3.43982888595057,-76.52505360287311,-2.0977498499680007,1.451107053459377
suelo_urbano,0.19797509908676147,0.0936884880065918,1.0,3.4015606548470965,-76.46154271228495,1.100473091639398,1.6806271781016364
suelo_urbano,0.22519108653068542,0.06483843922615051,0.87060546875,3.4012911602618607,-76.45426635848348,-1.2958631020951221,-0.2416901558287095
suelo_urbano,0.06528058648109436,0.11812619864940643,0.5048828125,3.444949283070049,-76.53843850060669,-2.6087508764556158,-0.15445788322485204
suelo_urbano,0.22368746995925903,0.08366137742996216,0.9326171875,3.458963001502307,-76.48786335011003,0.9385279958874049,2.5901500831227366
suelo_urbano,0.24152472615242004,0.08079133927822113,0.957763671875,3.4731563829913887,-76.49388206251372,0.6572059298349092,2.746353432013154
suelo_urbano,0.11886356770992279,0.11176314204931259,0.7333984375,3.4327321952060292,-76.51625011308862,-1.5083908642651436,1.4125507885629087
suelo_urbano,0.2499222457408905,0.0546393096446991,0.83740234375,3.3325700410267496,-76.45812911420525,0.2178126975425739,1.867146747724251
suelo_urbano,0.06756862998008728,0.1351766437292099,0.81298828125,3.446745913638287,-76.53484523947016,-5.339675837027201,1.98933345410338
suelo_urbano,0.1571633368730545,0.14312922954559326,0.9990234375,3.493997297582952,-76.49316341028641,-0.9427185222162995,2.602004091867867
suelo_urbano,0.2667429447174072,0.05644262954592705,0.85498046875,3.3486498846124815,-76.45327821167093,0.014434859178867042,-0.30722145135980555
suelo_urbano,0.1937040090560913,0.1207280308008194,1.0,3.586613603375631,-76.48849217080893,-1.5967538644749908,1.0256602976140987
suelo_urbano,0.2640237808227539,0.16058991849422455,0.69189453125,3.5760134830230257,-76.34188711643851,-0.8319237797739222,-0.7020225517710769
suelo_urbano,0.07576869428157806,0.16697511076927185,0.97900390625,3.4476442289224063,-76.5330486089019,-2.1286321693809414,1.8591842928291926
suelo_urbano,0.1886325478553772,0.08296242356300354,1.0,3.3856604743181884,-76.55856076297125,-2.161088807701491,1.3599984009847148
suelo_urbano,0.13870105147361755,0.1271514594554901,1.0,3.4313847222798506,-76.52604174968566,-2.256284877315768,2.05393956064067
suelo_urbano,0.19626422226428986,0.27100056409835815,0.59375,3.3962605946707938,-76.44779848843773,-1.8535464603432728,2.4773160968534453
suelo_urbano,0.16405749320983887,0.2258886694908142,1.0,3.32412587735603,-76.3167342884828,1.3592272060588704,2.9032995166519093
suelo_urbano,0.20721733570098877,0.0986870601773262,1.0,3.409825155460992,-76.53340793501555,-1.8382419304879156,0.7361115574576378
suelo_urbano,0.18912231922149658,0.09027418494224548,0.99951171875,3.4065912204381634,-76.4740292947344,-0.7583676753696353,-1.754211695644628
suelo_urbano,0.20235151052474976,0.07777775824069977,0.93212890625,3.473875035218684,-76.49325324181483,-1.4928258131694165,3.7490978582989314
suelo_urbano,0.28478866815567017,0.10413558036088943,0.802734375,3.335983639106402,-76.45336804319935,0.6470910498245825,1.1477125689449965
suelo_urbano,0.09160970151424408,0.1674567610025406,1.0,3.442074674160868,-76.51598061850338,-1.251676897014127,1.2045400438351024
suelo_urbano,0.15396150946617126,0.1424068808555603,1.0,3.4314745538082625,-76.50888392775873,-0.12408024921341967,1.752606163446334
suelo_urbano,0.0906832292675972,0.15633511543273926,0.80908203125,3.4222219063818358,-76.48498874120081,-0.6279756708703668,0.1378709863849793
suelo_urbano,0.0665048137307167,0.107062429189682,0.4228515625,3.410004818517816,-76.49828380740597,-0.3511760868823634,1.5387079453678083
suelo_urbano,0.24397623538970947,0.07673158496618271,1.0,3.5650540365567727,-76.49621768225246,-1.4884781554197362,0.432380271023122
suelo_urbano,0.1714637279510498,0.11980810761451721,1.0,3.375958669249702,-76.46037490241558,-1.877478098660287,0.5581324030601602
suelo_urbano,0.03503970801830292,0.1218518614768982,0.4208984375,3.4412661904051607,-76.51391449334987,-2.94937719254018,0.9292920333804262
suelo_urbano,0.2112196683883667,0.08081479370594025,0.970703125,3.4445899569564014,-76.4835514367462,0.6406197000601037,2.2184404231499038
suelo_urbano,0.22969666123390198,0.10933227092027664,1.0,3.410813302273523,-76.53538422864064,-1.8548890295460336,1.035538775483094
suelo_urbano,0.22391663491725922,0.10433686524629593,1.0,3.42994741782526,-76.48723452941114,2.277253269081418,2.185497010420781
suelo_urbano,0.044959209859371185,0.05617556720972061,0.302734375,3.425186346819429,-76.50421268828124,-2.9285002247107617,1.9781909374323934
suelo_urbano,0.11122529953718185,0.09957949072122574,0.7978515625,3.4197066235863023,-76.5331384404303,-2.601237438732129,0.3394322876402832
suelo_urbano,0.23641788959503174,0.14330340921878815,1.0,3.5493335190846884,-76.31161389136325,-0.9140222684622603,0.3297492306681357
suelo_urbano,0.25689831376075745,0.051562998443841934,0.75927734375,3.4226710640238953,-76.46423765813735,0.5654365881095376,2.065691257565081
suelo_urbano,0.1483049988746643,0.11868104338645935,0.96142578125,3.42617449363196,-76.50520083509379,-2.6257992022600924,-0.2038716486532965
suelo_urbano,0.24406619369983673,0.05848507583141327,0.72998046875,3.435876298700446,-76.48328194216096,1.192216659015192,0.9770519926366917
suelo_urbano,0.1649351716041565,0.0512123703956604,0.67236328125,3.5822118584834475,-76.49837363893438,-1.0731657641449137,1.1415821646486262
suelo_urbano,0.232761949300766,0.06528918445110321,1.0,3.4106336392166994,-76.47726322975727,0.47717901720305483,2.0247241934881406
suelo_urbano,0.19040581583976746,0.12048886716365814,1.0,3.442074674160868,-76.49531936696833,-1.790408045718492,2.6480562286461393
suelo_urbano,0.1089811697602272,0.09882040321826935,0.6826171875,3.4167421831487093,-76.48633621412701,-0.5791087747700235,0.6981923453235969
suelo_urbano,0.17580458521842957,0.07318052649497986,0.94091796875,3.46381390403655,-76.51669927073068,-3.517595364153991,1.2358767792316128
suelo_urbano,0.17747558653354645,0.11166082322597504,1.0,3.4197066235863023,-76.56404048620446,-2.722800859639691,0.5021840615277383
suelo_urbano,0.13346746563911438,0.11128614842891693,0.839599609375,3.4286897764274933,-76.5127466834805,-4.742880198646384,3.277573258596815
suelo_urbano,0.1428425908088684,0.08260544389486313,1.0,3.533613001612604,-76.49639734530929,-0.27918024798686064,0.8504492935883725
suelo_urbano,0.08880579471588135,0.19635972380638123,0.962890625,3.4133285850690567,-76.49190576888863,0.48920215173327736,0.799535268853708
suelo_urbano,0.17399966716766357,0.13895507156848907,1.0,3.427162640444491,-76.48894132845099,1.6547980662451927,1.2432234084053462
suelo_urbano,0.20941860973834991,0.09124773740768433,0.98046875,3.471090257837915,-76.48382093133144,-0.20950197647853513,3.150290956616473
suelo_urbano,0.1788320243358612,0.09249160438776016,0.99951171875,3.421143928040893,-76.53933681589082,-3.1797324705571097,0.4259972639978323
suelo_urbano,0.23773270845413208,0.06273812800645828,0.9892578125,3.4274321350297265,-76.55065558847089,-1.295289856505613,0.9145881514451646
suelo_urbano,0.11588454246520996,0.11064409464597702,0.95068359375,3.43982888595057,-76.50268555229822,-2.105519181868204,0.7979408445603038
suelo_urbano,0.18930783867835999,0.13134020566940308,1.0,3.403896274585806,-76.47097502276834,1.0697434764882976,1.7145183966621371
suelo_urbano,0.23776715993881226,0.12311384826898575,1.0,3.5759236514946138,-76.49397189404213,-0.7388375639631438,0.07333000563678721
suelo_urbano,0.10898290574550629,0.1614205241203308,1.0,3.4722580677072696,-76.50780594941777,-1.9802404807327554,-0.24018564716399854
suelo_urbano,0.1799735277891159,0.14097777009010315,1.0,3.4222219063818358,-76.50439235133807,-3.02847230589634,1.1198683528426057
suelo_urbano,0.17925122380256653,0.093602754175663,0.9970703125,3.492829487713597,-76.4890311599794,0.9210046128826839,2.742254253440696
suelo_urbano,0.1738136261701584,0.08198464661836624,0.922607421875,3.4892362265771206,-76.51032123221334,-2.7109774722246684,2.6504270135048786
suelo_urbano,0.15098845958709717,0.09724389761686325,0.682373046875,3.4247371891773692,-76.49873296504803,-1.2879212359094836,1.9072702447777732
suelo_urbano,0.27242714166641235,0.11657998710870743,1.0,3.3737128810394044,-76.50547032967903,-1.6801308797848704,1.184299193471245
suelo_urbano,0.20114794373512268,0.08669117838144302,1.0,3.4115319545008185,-76.51589078697496,-0.6702128217494351,0.5616245146469071
suelo_urbano,0.12435194104909897,0.14799129962921143,0.93505859375,3.411801449086054,-76.47726322975727,1.362701357146353,2.057182263901532
suelo_urbano,0.09365403652191162,0.16197773814201355,0.974609375,3.4153947102225306,-76.49046846443402,0.4412376327729401,2.17494387113853
suelo_urbano,0.18911105394363403,0.18871456384658813,1.0,3.3907808714376673,-76.3092782716245,2.3161027414611275,1.334830237556475
suelo_urbano,0.27875572443008423,0.07140535861253738,1.0,3.4832175141735227,-76.45803928267684,0.14359047883878812,2.9369924844796507
suelo_urbano,0.18307176232337952,0.12049967050552368,1.0,3.390241882267196,-76.55514716489155,-2.3857946607274134,0.7734765260428449
suelo_urbano,0.14478138089179993,0.15772195160388947,1.0,3.4256355044614883,-76.47079535971152,-0.16732757270248627,1.837430940564146
suelo_urbano,0.16940584778785706,0.056608375161886215,0.60595703125,3.4662393553036717,-76.49460071474103,1.3503806318275222,1.9911712388833394
suelo_urbano,0.23028497397899628,0.07239629328250885,0.918212890625,3.3877265994716623,-76.55227255598233,-2.0299839136180653,0.7084834340356606
suelo_urbano,0.12676118314266205,0.07245156913995743,0.379150390625,3.45204597381459,-76.49675667142294,-0.010192976022707214,2.39644711211043
suelo_urbano,0.13133971393108368,0.09556446969509125,0.88818359375,3.418808308302183,-76.50367369911076,-2.207538706645756,-1.3962475312676637
suelo_urbano,0.12009311467409134,0.15964838862419128,1.0,3.42006594969995,-76.499810943389,2.615109478847789,1.740900713972937
suelo_urbano,0.23121066391468048,0.11242839694023132,0.998046875,3.4895955526907683,-76.49693633447977,0.41921300526273514,1.7837244920044601
suelo_urbano,0.13426125049591064,0.16247230768203735,1.0,3.4093759978189326,-76.49945161727534,0.47777973798968,2.52199228943936
suelo_urbano,0.2229728102684021,0.07137705385684967,0.9697265625,3.3873672733580147,-76.5527217136244,-2.3678677208266277,-0.2799030949621338
suelo_urbano,0.19927948713302612,0.127630814909935,1.0,3.576642303721909,-76.49478037779785,-1.4414594818657365,1.3481436347376672
suelo_urbano,0.14398743212223053,0.05959894508123398,0.65576171875,3.4683054804571456,-76.48777351858162,0.7696164606187349,2.0152326475281437
suelo_urbano,0.2814614772796631,0.0537162721157074,1.0,3.4844751555712894,-76.49496004085468,0.03056462004300953,1.8791171543938283
suelo_urbano,0.12205874919891357,0.14681598544120789,0.99169921875,3.422132074853424,-76.49585835613881,0.4385716497681675,2.5634454078052413
suelo_urbano,0.20560553669929504,0.10638822615146637,0.86328125,3.5571488620565246,-76.38311978798019,-1.0436374746330082,1.8164595297612833
suelo_urbano,0.17243066430091858,0.0683344379067421,0.9208984375,3.4232998847227787,-76.54014529964654,-1.9574843547653622,0.6626831820530533
suelo_urbano,0.1982898712158203,0.07692851126194,0.953125,3.4785462746961033,-76.52478410828788,-2.6079737427312253,-0.04931321269043097
suelo_urbano,0.2834857106208801,0.05623955279588699,0.3193359375,3.4940871291113638,-76.38833001662816,-0.22395369875559523,1.5553411977840914
suelo_urbano,0.27569779753685,0.0687519758939743,1.0,3.4652512084911407,-76.5317011359757,-0.2385893980226547,0.43243905145080686
suelo_urbano,0.18906155228614807,0.08102618157863617,0.98681640625,3.5054957332196763,-76.51571112391814,-1.975547735539838,1.577257809904604
suelo_urbano,0.23128995299339294,0.06422320753335953,1.0,3.429049102541141,-76.49280408417276,0.5259077804493313,3.3051128208678553
suelo_urbano,0.19756487011909485,0.10858455300331116,1.0,3.4105438076882875,-76.5331384404303,-1.6465097891977962,1.4913499115709865
suelo_urbano,0.058116015046834946,0.07891809940338135,0.68310546875,3.4347084888310913,-76.50547032967903,-2.320391007875186,1.1092807510466796
suelo_urbano,0.19698292016983032,0.08963139355182648,1.0,3.40596239973928,-76.396774180299,1.3394460977154328,2.0032665724093253
suelo_urbano,0.18278267979621887,0.12118388712406158,1.0,3.4186286452453594,-76.4937922309853,1.7211226416892398,1.1087165830205672
suelo_urbano,0.14819952845573425,0.13977327942848206,0.91162109375,3.4315643853366744,-76.5052906666222,-2.4176821950637466,1.0823838420746177
suelo_urbano,0.24303928017616272,0.0651918351650238,0.98681640625,3.464891882377493,-76.52235865702072,-0.4567483316278255,0.7097284527777832
suelo_urbano,0.2063380926847458,0.10033881664276123,1.0,3.429138934069553,-76.4944210516842,1.628889370630081,2.2771193834610934
suelo_urbano,0.25980812311172485,0.08644723147153854,0.997802734375,3.4493510279622326,-76.47861070268347,1.8059263379607124,1.6629838913883561
suelo_urbano,0.11900375038385391,0.1049237996339798,0.81201171875,3.4425238318029274,-76.53547406016905,-5.178152197997252,1.7557655783605226
suelo_urbano,0.1793537735939026,0.12591443955898285,0.9765625,3.4112624599155827,-76.47456828390487,1.2873695309741748,3.518611078259032
suelo_urbano,0.18650993704795837,0.09879803657531738,0.947509765625,3.4284202818422576,-76.4726818218082,0.5154486471792485,2.767144552181723
suelo_urbano,0.009507672861218452,0.12733079493045807,0.606689453125,3.459861316786426,-76.51472297710559,-2.9600627184565305,1.131158933494554
suelo_urbano,0.20324432849884033,0.0755988210439682,0.956298828125,3.4294084286547886,-76.49469054626944,-0.289864249275746,3.453646118138295
suelo_urbano,0.27472829818725586,0.11712394654750824,0.4521484375,3.4662393553036717,-76.44986461359123,-1.596960252537725,-0.33808755558763615
suelo_urbano,0.29706448316574097,0.05707233399152756,0.994140625,3.4831276826451107,-76.50942291692921,-2.3937271128085578,-0.19605600858216085
suelo_urbano,0.17960505187511444,0.13149556517601013,0.6875,3.584816972807393,-76.45345787472776,-0.8455829529531764,-1.3023657492486382
suelo_urbano,0.1778637319803238,0.15800794959068298,1.0,3.536846936635433,-76.30873928245403,0.177076835615663,1.0990616273895044
suelo_urbano,0.251582533121109,0.07453250885009766,1.0,3.4352474780015627,-76.47196316958089,0.34650621604464615,2.3092026725734818
suelo_urbano,0.07135659456253052,0.07422491163015366,0.6376953125,3.4505188378315874,-76.51077038985541,-3.1780015514036863,0.9216282416246616
suelo_urbano,0.2516549229621887,0.06931332498788834,0.998046875,3.514748380646103,-76.51975354269673,-0.5653796805371676,-0.08362123560547702
suelo_urbano,0.16339920461177826,0.15275616943836212,1.0,3.4195269605294785,-76.47025637054104,0.3871155522557317,2.565716853512636
suelo_urbano,0.09251926094293594,0.17036429047584534,1.0,3.4476442289224063,-76.53277911431665,-0.8539868900884652,0.01876848638286534
suelo_urbano,0.07909137010574341,0.11287909746170044,0.930419921875,3.4255456729330764,-76.52613158121407,-1.6892639811992098,1.180362840142843
suelo_urbano,0.257371187210083,0.10358399152755737,0.9990234375,3.419796455114714,-76.46836990844436,1.2434498681476756,1.2739902352592183
suelo_urbano,-0.017549341544508934,0.06728140264749527,0.30322265625,3.4516866477009422,-76.51157887361113,-3.502407920146623,2.2372977869805393
suelo_urbano,0.08059079200029373,0.15610665082931519,1.0,3.4364152878709175,-76.53134180986204,-3.118530669803794,1.1826225257570886
suelo_urbano,0.1751955896615982,0.0959850624203682,1.0,3.5082805106004455,-76.51705859684434,0.3631013900777238,0.3897078018067515
suelo_urbano,0.2529807686805725,0.08764354884624481,1.0,3.4636342409797263,-76.48678537176907,1.3613930066887405,0.8795606624158604
suelo_urbano,0.2533007264137268,0.0869443267583847,0.9951171875,3.5649642050283608,-76.49028880137719,-1.908073148472099,-1.048193485820199
suelo_urbano,0.23830464482307434,0.05824343487620354,0.98779296875,3.486720943781587,-76.5134653357078,-1.744042600942187,1.4015238397709096
suelo_urbano,0.023624051362276077,0.09951020032167435,0.53955078125,3.422042243325012,-76.52397562453216,-4.574792735428939,3.164552608869598
suelo_urbano,0.2696292996406555,0.06608618795871735,1.0,3.4694732903265004,-76.5154416293329,-2.784997171529701,0.7580655079353806
suelo_urbano,0.24220876395702362,0.06265995651483536,1.0,3.4974108956626044,-76.47429878931963,0.2874449854828599,1.530219713867039
contaminacion_alta_SO2,0.5220351219177246,-0.19155868887901306,0.73681640625,3.5871525925461025,-76.43594072668718,-0.04856947061632063,-0.027330056519285675
contaminacion_alta_SO2,0.19223752617835999,0.07644735276699066,1.0,3.5121432663221577,-76.51472297710559,-1.0799755667185742,0.8014221465685721
contaminacion_alta_SO2,0.4089806079864502,-0.05964397266507149,0.32568359375,3.5473572254596264,-76.50511100356537,-0.9993132941117575,-0.28993416072958195
contaminacion_alta_SO2,0.5872523784637451,-0.18457919359207153,0.869873046875,3.4913921832590065,-76.40997941497575,2.3500321167731615,1.0779550087083236
contaminacion_alta_SO2,0.44221532344818115,-0.17520248889923096,0.583984375,3.3865587896023075,-76.44564253175581,0.07745395646114898,-0.2451706787108252
contaminacion_alta_SO2,0.3320072293281555,0.03721707686781883,0.99755859375,3.393835143403672,-76.38509608160528,0.10947908504266199,0.3812436831536884
contaminacion_alta_SO2,0.16500502824783325,0.0774904191493988,0.826416015625,3.490943025616947,-76.51445348252035,-1.83604583190245,0.9050289034042392
contaminacion_alta_SO2,0.8157532215118408,-0.2770758867263794,1.0,3.5452012687777406,-76.59161876542733,3.0278805572908247,-2.5971222229807007
contaminacion_alta_SO2,0.6995636224746704,-0.18290311098098755,0.89453125,3.5213959137485844,-76.60212905425168,2.0520495604043805,-1.476473042850122
contaminacion_alta_SO2,0.3536939024925232,0.1457786113023758,1.0,3.541787670698088,-76.51849590129895,0.8052847489061643,1.3135604463564678
contaminacion_alta_SO2,0.5955284833908081,-0.15201766788959503,1.0,3.5282231099078896,-76.52918585318012,-0.4103155019268007,-0.3942500779931837
contaminacion_alta_SO2,0.18017014861106873,0.1336597204208374,1.0,3.4073997041938706,-76.5066381395484,-0.3862373018257657,0.7442071434503483
contaminacion_alta_SO2,0.48353177309036255,-0.12723040580749512,0.82861328125,3.4445001254279894,-76.47618525141631,2.6339176371973116,0.41395986819713065
contaminacion_alta_SO2,0.43759673833847046,-0.2625579535961151,0.40869140625,3.602783278489775,-76.55092508305613,2.0915863748232346,-1.7675702917039595
contaminacion_alta_SO2,0.8105156421661377,-0.36055219173431396,0.88427734375,3.593530631063348,-76.54912845248786,2.6576862699387647,-1.9928794225538478
contaminacion_alta_SO2,0.6382076144218445,-0.2194657176733017,1.0,3.403986106114218,-76.43360510694843,2.703993464578463,0.5730086988263418
contaminacion_alta_SO2,0.3649713397026062,-0.0163732822984457,0.64697265625,3.5303790665897754,-76.3960555280717,0.5887665211589767,0.07182725265813548
contaminacion_alta_SO2,0.6771835088729858,-0.271681547164917,0.3212890625,3.481870041247344,-76.34296509477947,1.7274395119178905,0.21714705991064953
contaminacion_alta_SO2,0.630803108215332,-0.1888178586959839,1.0,3.3446972973623574,-76.318081761409,2.64448156680721,0.8530404587009103
contaminacion_alta_SO2,0.8465404510498047,-0.446711003780365,1.0,3.335175155350695,-76.36443483007024,2.486508684846388,-0.43101397309848455
contaminacion_alta_SO2,0.6645447015762329,-0.32537710666656494,0.32958984375,3.3304140843448637,-76.37198067845695,2.5392447828775095,-0.9796074906535993
contaminacion_alta_SO2,0.6986877918243408,-0.24004721641540527,1.0,3.6131139042571445,-76.47977851255284,1.3317032058199982,-1.1182711941582109
contaminacion_alta_SO2,0.23417794704437256,0.1983400583267212,1.0,3.5395418824877902,-76.3838384402075,0.34103460171177513,0.7923549771171632
contaminacion_alta_SO2,0.668681263923645,-0.26515549421310425,1.0,3.5303790665897754,-76.45633248363698,1.0817461048884587,-1.229511270091176
contaminacion_alta_SO2,0.4469452202320099,0.06333798915147781,1.0,3.536757105107021,-76.3709925316444,0.8144374776367049,0.1203869626316561
contaminacion_alta_SO2,0.3268282413482666,0.03250884637236595,1.0,3.5772711244207924,-76.48678537176907,-0.44281443411525895,-0.3685655008579548
contaminacion_alta_SO2,0.20968569815158844,0.11738122254610062,1.0,3.5782592712333234,-76.49181593736022,-0.7349686131148437,0.022918094665658376
contaminacion_alta_SO2,0.7203608751296997,-0.3099321126937866,0.7890625,3.553914927033696,-76.35428386735954,-0.3248172390134416,-0.0010111153939742605
contaminacion_alta_SO2,0.6448493599891663,-0.3026425540447235,0.8193359375,3.5869729294892787,-76.53897748977717,-0.15283695028403485,-2.2146454591950544
contaminacion_alta_SO2,0.6587996482849121,-0.2682633101940155,0.998046875,3.548614866857393,-76.57185582917641,-0.4898736299143814,-1.56840937013355
contaminacion_alta_SO2,0.23044699430465698,-0.03404848277568817,0.466796875,3.6181444698482115,-76.39273176152041,-2.856343914992559,0.32927335093389526
contaminacion_alta_SO2,0.6853640079498291,-0.28282612562179565,1.0,3.3947334586877913,-76.61677159338304,-0.14368591676424983,-0.5996050419322922
contaminacion_alta_SO2,0.6115774512290955,-0.23476383090019226,1.0,3.448991701848585,-76.32508862062524,4.931075121490343,1.2700875579528133
contaminacion_alta_SO2,0.5427106618881226,-0.1919284611940384,1.0,3.5310977188170707,-76.45794945114842,-0.6849505949248299,0.8084759099675326
contaminacion_alta_SO2,0.6323277950286865,-0.32439714670181274,0.9990234375,3.5382842410900235,-76.47250215875137,-0.4120481880486773,0.37985559447454587
contaminacion_alta_SO2,0.6207341551780701,-0.035794422030448914,1.0,3.627576780331462,-76.4869650348259,0.9495241643541769,-0.6201012582156431
contaminacion_alta_SO2,0.23992452025413513,0.07428499311208725,0.884765625,3.4811513890200487,-76.51660943920227,-1.6890320186562078,0.895114574576091
contaminacion_alta_SO2,0.3139549493789673,0.033758942037820816,1.0,3.368951810033573,-76.52047219492404,-1.3686074154127879,0.3640619729049102
contaminacion_alta_SO2,0.6354626417160034,-0.2653554379940033,0.77587890625,3.468934301156029,-76.3397311597566,1.9148380467461166,0.37756976520837915
contaminacion_alta_SO2,0.7276932597160339,-0.2975395619869232,0.94873046875,3.3148732299296033,-76.55874042602808,-3.066312918479055,-1.179906464376128
contaminacion_alta_SO2,0.4213942289352417,0.00846065953373909,1.0,3.457974854689776,-76.34188711643851,4.321466544019107,2.1586725024595177
contaminacion_alta_SO2,0.5650681257247925,-0.2211783528327942,0.91845703125,3.468754638099205,-76.3194292343352,0.2900564482700925,0.10467712779060638
contaminacion_alta_SO2,0.6548391580581665,-0.2573292851448059,1.0,3.4732462145198006,-76.44654084703994,5.1127115483378205,0.8951412122606169
contaminacion_alta_SO2,0.14856891334056854,0.11280843615531921,0.7822265625,3.4096454924041684,-76.50448218286648,-3.8342130237666505,-0.06111505228818765
contaminacion_alta_SO2,0.4737018644809723,-0.1685190200805664,0.753173828125,3.407938693364342,-76.56260318174985,-2.680201510757874,-1.7397191569675488
contaminacion_alta_SO2,0.5131816864013672,-0.13355128467082977,1.0,3.592452652722405,-76.44959511900599,-2.16932611223539,0.037335978943068795
contaminacion_alta_SO2,0.5043433904647827,-0.04243942350149155,1.0,3.5802355648583855,-76.47843103962664,-0.06092126171134802,-0.8971167013970107
contaminacion_alta_SO2,0.6829004883766174,-0.18164539337158203,1.0,3.5818525323698,-76.6409362745262,0.2353770948621918,-1.2474758359812865
contaminacion_alta_SO2,0.4563091993331909,0.03232572227716446,0.908203125,3.3962605946707938,-76.368297585792,2.165439922738849,0.2730878037927221
contaminacion_alta_SO2,0.30927371978759766,0.06797561049461365,1.0,3.3973385730117367,-76.54840980026056,-2.0660135065935563,0.8168689286680106
contaminacion_alta_SO2,0.5989300012588501,-0.17465028166770935,0.9912109375,3.588769560057517,-76.33631756167689,0.8756180171761994,-0.03534377476461683
contaminacion_alta_SO2,0.6418633460998535,-0.2699165344238281,0.9912109375,3.5594844817952342,-76.56538795913066,-2.2062383560492154,-3.5856748355549097
contaminacion_alta_SO2,0.5301837921142578,-0.11694543063640594,1.0,3.460130811371662,-76.5595489097838,-2.012782210292983,-1.5234754709639413
contaminacion_alta_SO2,0.3818148374557495,-0.0799318179488182,0.939208984375,3.468934301156029,-76.47771238739934,1.0165071460173951,1.8305809749851105
contaminacion_alta_SO2,0.7167139649391174,-0.3069797158241272,1.0,3.3897927246251363,-76.37799939086064,1.8177197808723087,0.5816256422223673
contaminacion_alta_SO2,0.6622003316879272,-0.22924143075942993,1.0,3.5920933266087576,-76.41213537165767,-0.7705053553246545,-0.8505528300775317
contaminacion_alta_SO2,0.48972851037979126,-0.07508037239313126,0.7431640625,3.5372062627490806,-76.51840606977053,-2.14305505137052,0.3005348747127894
contaminacion_alta_SO2,0.5805239081382751,-0.2900804877281189,0.4072265625,3.5563403783008174,-76.46944788678532,-2.4955433462485717,-0.07429467092386005
contaminacion_alta_SO2,0.8162945508956909,-0.4080964922904968,1.0,3.5072025322595026,-76.44276792284658,0.037270664958981084,-1.6055217343333896
contaminacion_alta_SO2,0.6665503978729248,-0.34277236461639404,0.578369140625,3.4931888138272447,-76.44249842826135,1.85555593302837,-0.2095135229736143
contaminacion_alta_SO2,0.6642372608184814,-0.20123961567878723,1.0,3.6108681160468468,-76.32311232700015,-0.37966044036076313,-1.1875993192097072
contaminacion_alta_SO2,0.5318883657455444,-0.09820015728473663,0.9130859375,3.551938633408634,-76.4212083560274,-1.2345046666510846,-1.5675817219318473
contaminacion_alta_SO2,0.5739126205444336,-0.2575927972793579,0.98681640625,3.5783491027617353,-76.61470546822953,-1.5310418710272766,-2.933670424385409
contaminacion_alta_SO2,0.6081504821777344,-0.17806653678417206,0.61474609375,3.3205326162195536,-76.50385336216759,-2.3234642159423915,-0.6534713063642288
contaminacion_alta_SO2,0.7491380572319031,-0.23197346925735474,0.967041015625,3.422940558609131,-76.58452207468268,-0.83103663924358,-0.6708467316197877
contaminacion_alta_SO2,0.6807731986045837,-0.25548386573791504,1.0,3.504956744049205,-76.46917839220008,1.6336389395003832,-1.1602863297146242
contaminacion_alta_SO2,0.6430908441543579,-0.2463449239730835,1.0,3.5632574059885345,-76.42013037768645,-0.3534630718167737,-1.275727574579478
contaminacion_alta_SO2,0.7578599452972412,-0.20424139499664307,1.0,3.592811978836053,-76.59611034184799,2.393706431082686,-2.364565660398292
contaminacion_alta_SO2,0.5460935831069946,-0.1633276343345642,1.0,3.57951691263109,-76.4407916292215,-1.0377617901895975,-1.777040351402762
contaminacion_alta_SO2,0.49345266819000244,0.010393274016678333,1.0,3.3526024718626055,-76.55029626235724,0.40460178434887134,0.8463982729834338
contaminacion_alta_SO2,0.4343375563621521,0.0425235889852047,1.0,3.5691862868637205,-76.47465811543329,-0.3040934577863307,-0.5084906168819218
contaminacion_alta_SO2,0.7119186520576477,-0.23615306615829468,1.0,3.4674071651730265,-76.33622773014848,3.2113136683411896,-0.11501564117235515
contaminacion_alta_SO2,0.5928345918655396,-0.026003196835517883,0.927734375,3.4594121591443665,-76.49451088321261,0.2554413373969076,0.9570885321345621
contaminacion_alta_SO2,0.5364658832550049,-0.11039382964372635,1.0,3.500914325270669,-76.36919590107614,0.7285824764225172,0.1916889956968896
contaminacion_alta_SO2,0.6447079181671143,-0.30131110548973083,0.931884765625,3.321969920674144,-76.47492761001853,1.5492318691872242,0.3913353378340614
contaminacion_alta_SO2,0.7741394639015198,-0.19650425016880035,1.0,3.5861644457335715,-76.59368489058083,2.4036548866939387,-2.37536959202945
contaminacion_alta_SO2,0.5868518948554993,-0.18201681971549988,1.0,3.3627534345731513,-76.46262069062591,2.4411398074394697,-0.7708680308511465
contaminacion_alta_SO2,0.7525395750999451,-0.31952911615371704,1.0,3.347212580157891,-76.45175107568791,3.4950738317392176,0.490997441920341
contaminacion_alta_SO2,0.6579869985580444,-0.24474728107452393,0.9951171875,3.567838813937542,-76.50376353063918,-1.8709674199893642,-1.9616267992540453
contaminacion_alta_SO2,0.6282734870910645,-0.17657780647277832,0.9931640625,3.6450040968433726,-76.45211040180156,1.1439993049384594,-0.9267200453001141
contaminacion_alta_SO2,0.7386840581893921,-0.3044130802154541,1.0,3.4485425442065254,-76.42830504677205,5.258755787605336,0.6943527918885505
contaminacion_alta_SO2,0.7729082107543945,-0.2894717752933502,1.0,3.4612087897126047,-76.63985829618524,0.750327776896102,-1.0470033458476928
contaminacion_alta_SO2,0.8326114416122437,-0.40423184633255005,0.99658203125,3.462107104996724,-76.4062064907824,0.3468355575949608,-0.41566734088848556
contaminacion_alta_SO2,0.39461493492126465,-0.15071898698806763,0.511962890625,3.48402599792923,-76.37764006474698,-0.636794188157479,0.33954084456286077
contaminacion_alta_SO2,0.3060034513473511,-0.08253942430019379,0.46044921875,3.541787670698088,-76.4422289336761,-2.010779243284473,-0.30430429819023835
contaminacion_alta_SO2,0.7003831267356873,-0.27440449595451355,1.0,3.371197598243871,-76.30622399965846,3.6972810017016147,-0.7112730894458106
contaminacion_alta_SO2,0.3583744764328003,0.04364773631095886,1.0,3.538913061788907,-76.45794945114842,0.223068070230707,0.09210768535783907
contaminacion_alta_SO2,0.43618127703666687,-0.07764532417058945,0.4794921875,3.581583037784564,-76.31763260376694,-2.1908767781276084,0.6760736056482894
contaminacion_alta_SO2,0.7382067441940308,-0.3037588596343994,1.0,3.3326598725551615,-76.45345787472776,2.1375511007636003,0.1346987944720912
contaminacion_alta_SO2,0.552212655544281,-0.12559747695922852,1.0,3.4494408594906445,-76.34601936674552,2.809748640602996,0.4268399946566315
contaminacion_alta_SO2,0.3257000744342804,0.05199912562966347,1.0,3.4356068041152104,-76.54517586523768,-1.598445816997875,-0.08484260154813034
contaminacion_alta_SO2,0.5951374769210815,-0.2650819420814514,0.4638671875,3.328976779890273,-76.4699868759558,2.819818808184862,0.9634567213972114
contaminacion_alta_SO2,0.5635998249053955,-0.30795711278915405,0.354248046875,3.445039114598461,-76.4225558289536,-1.600199276499442,-0.24682705382208633
contaminacion_alta_SO2,0.16309723258018494,0.11159656941890717,0.990234375,3.4135980796542924,-76.475466599189,-2.353719473783584,1.4716555123770354
contaminacion_alta_SO2,0.6436048746109009,-0.2831869125366211,1.0,3.3755993431360545,-76.47358013709233,2.861846202036404,0.8191259692828328
contaminacion_alta_SO2,0.4727579355239868,-0.0405673012137413,1.0,3.3706586090733994,-76.51166870513954,0.4989012841184609,1.012946283430955
contaminacion_alta_SO2,0.5266273021697998,-0.11121338605880737,1.0,3.508909331299329,-76.43144915026652,-0.7040049826261748,-1.085024594125681
contaminacion_alta_SO2,0.49822014570236206,-0.09081944823265076,0.88623046875,3.525617995583944,-76.342426105609,-0.8729067906642175,0.1829178387955335
contaminacion_alta_SO2,0.5373059511184692,-0.158354252576828,0.899169921875,3.4882480797645896,-76.47214283263772,0.46601915982096564,-0.38854115434055553
contaminacion_alta_SO2,0.6929273009300232,-0.19479933381080627,1.0,3.4422543372176917,-76.58757634664873,0.019809581898234695,-1.3054565351144323
contaminacion_alta_SO2,0.6420496702194214,-0.25202739238739014,0.876708984375,3.4036267800005704,-76.35949409600751,2.6795869935499343,1.3918345046597047
contaminacion_alta_SO2,0.5960928797721863,-0.27031904458999634,0.876953125,3.5991001858248866,-76.36335685172928,0.3001099852786569,-2.8270468467874372
contaminacion_alta_SO2,0.6131128072738647,-0.05481340363621712,0.962890625,3.354039776317196,-76.41006924650416,2.680874584464248,0.633461092698267
contaminacion_alta_SO2,0.512873649597168,-0.12825113534927368,1.0,3.5272349630953586,-76.45390703236983,-0.024885551965346763,0.02123790797117982
contaminacion_alta_SO2,0.5795619487762451,-0.17484797537326813,0.9990234375,3.544931774192505,-76.48840233928051,-1.6328430798588809,0.117018983087508
contaminacion_alta_SO2,0.6765146255493164,-0.24816018342971802,1.0,3.4582443492750117,-76.40863194204955,2.3549968708359654,-0.5260655044920312
contaminacion_alta_SO2,0.7486788034439087,-0.32030558586120605,1.0,3.566671004068187,-76.33694638237579,0.5529265473457964,-1.7570209753939914
contaminacion_alta_SO2,0.592714786529541,-0.19448372721672058,0.898681640625,3.363292423743623,-76.47627508294472,0.8700338129333952,1.6197765788200038
contaminacion_alta_SO2,0.7039026021957397,-0.18001683056354523,0.9892578125,3.4993871892876665,-76.52918585318012,-1.123291216758142,-0.7590286269029325
contaminacion_alta_SO2,0.7457043528556824,-0.17355743050575256,0.98974609375,3.505765227804912,-76.53502490252698,1.0564645412083455,-0.7586145519007532
contaminacion_alta_SO2,0.7621685862541199,-0.2868964672088623,1.0,3.333288693254045,-76.60671046220075,1.3651815240451801,-2.2228612472211267
contaminacion_alta_SO2,0.686353862285614,-0.13347738981246948,1.0,3.3095731697533006,-76.54921828401628,1.0551185753920038,-1.5040389488840238
contaminacion_alta_SO2,0.33813565969467163,0.0212367195636034,1.0,3.4781869485824557,-76.49478037779785,1.8220937802020556,-0.7432331898629996
contaminacion_alta_SO2,0.3930380642414093,-0.1655980497598648,0.7451171875,3.3713772613006947,-76.35140925845032,0.24450751070171867,-0.2983845485463792
contaminacion_alta_SO2,0.6686029434204102,-0.22896263003349304,1.0,3.540709692357145,-76.44681034162518,-1.2466124308086377,-0.21438012635294687
contaminacion_alta_SO2,0.7322726249694824,-0.4142036437988281,1.0,3.6023341208477153,-76.3947080551455,0.7017275974241299,-3.1563743584134465
contaminacion_alta_SO2,0.7202455997467041,-0.30901193618774414,1.0,3.4104539761598756,-76.35473302500161,1.0807044378516508,1.3471664211988825
contaminacion_alta_SO2,0.4899134337902069,-0.15243250131607056,0.86669921875,3.5411588499992046,-76.50520083509379,-0.8114220004405864,-0.6736617506405019
contaminacion_alta_SO2,0.37252533435821533,-0.17068858444690704,0.64453125,3.549782676726748,-76.48346160521778,-1.1929823173877614,1.1334963007475067
contaminacion_alta_SO2,0.556716799736023,-0.16565215587615967,1.0,3.5813135431993284,-76.45767995656318,0.31315231714929065,-1.470023191718058
contaminacion_alta_SO2,0.269054114818573,0.08181534707546234,1.0,3.387906262528486,-76.5480504741469,-0.007309471522858167,1.688248912668409
contaminacion_alta_SO2,0.5048376321792603,-0.14426514506340027,0.953125,3.6153596924674423,-76.42758639454475,0.6424697545924362,0.37941568988232477
contaminacion_alta_SO2,0.4600695073604584,-0.0882144495844841,0.9755859375,3.551938633408634,-76.50654830801999,0.6431277130850982,-2.4906844873982124
contaminacion_alta_SO2,0.4300808906555176,-0.016942303627729416,1.0,3.5160958535722817,-76.49810414434914,-0.786987959426135,0.23620851096106868
contaminacion_alta_SO2,0.4532414376735687,-0.1191280335187912,0.775390625,3.5411588499992046,-76.46333934285322,0.5282601814841806,-0.5291474312901554
contaminacion_alta_SO2,0.7170537710189819,-0.34585991501808167,0.93017578125,3.4615681158262523,-76.39803182169679,1.2053789743707877,-1.1686284340001467
contaminacion_alta_SO2,0.5677477121353149,-0.17044565081596375,0.941162109375,3.519689114708758,-76.50708729719047,1.1140235394698683,-3.3180861700219504
contaminacion_alta_SO2,0.6173986196517944,-0.24467116594314575,1.0,3.374970522437171,-76.43414409611891,2.422903704336922,1.056158763084438
contaminacion_alta_SO2,0.8093279004096985,-0.3983451724052429,0.978759765625,3.4695631218549123,-76.41276419235656,2.0476303672948153,-0.1226453158062112
contaminacion_alta_SO2,0.3853927552700043,-0.03357149660587311,1.0,3.30813586529871,-76.4564223151654,-0.7155479210995682,0.36594104108244413
contaminacion_alta_SO2,0.39909279346466064,-0.04748466610908508,1.0,3.4643528932070216,-76.46828007691595,1.0947769054248389,1.2377099251486818
contaminacion_alta_SO2,0.741698682308197,-0.25304245948791504,1.0,3.311279968793127,-76.58317460175648,-0.6214976018683835,-3.4295026893671987
contaminacion_alta_SO2,0.32664257287979126,-0.004104741383343935,0.98828125,3.3956317739719104,-76.53232995667459,-4.063952881028136,0.22551649085487202
contaminacion_alta_SO2,0.5438598394393921,-0.2533140778541565,0.502685546875,3.387996094056898,-76.61344782683175,-2.7945839803705796,0.06354170219357862
contaminacion_alta_SO2,0.6023861169815063,-0.14154478907585144,1.0,3.4886074058782373,-76.46280035368274,2.72106412659793,0.46108783390272473
contaminacion_alta_SO2,0.42862045764923096,-0.1966111660003662,0.642578125,3.331132736572159,-76.51184836819637,-1.0797286429222819,0.2320984812697937
contaminacion_alta_SO2,0.6911100149154663,-0.2685694396495819,0.86083984375,3.3159512082705462,-76.34485155687615,2.86556487778822,0.672037644177593
contaminacion_alta_SO2,0.4874400496482849,-0.14464446902275085,0.82470703125,3.434977983416327,-76.42704740537427,0.6269881088540217,1.380031426116779
contaminacion_alta_SO2,0.6560538411140442,-0.30958542227745056,0.741943359375,3.4860921230827038,-76.33982099128501,1.7518212196615754,-0.39648796353149784
contaminacion_alta_SO2,0.6152156591415405,-0.15448789298534393,0.9755859375,3.4272524719729027,-76.44663067856835,0.8023385681035877,1.260540550661986
contaminacion_alta_SO2,0.5674117207527161,-0.186040461063385,0.9970703125,3.5784389342901473,-76.38967748955436,-1.5343307691179473,0.21960506623605985
contaminacion_alta_SO2,0.3765459656715393,-0.0032743532210588455,1.0,3.5051364071060287,-76.49666683989453,-0.6661172063209202,0.9507309664897508
contaminacion_alta_SO2,0.7281491756439209,-0.26923245191574097,1.0,3.4346186573026793,-76.41483031751007,3.0184157187313767,0.08159907915084771
contaminacion_alta_SO2,0.7245063185691833,-0.29699239134788513,1.0,3.406231894324516,-76.33883284447246,3.2102555944766857,-0.3186307945870987
contaminacion_alta_SO2,0.7486597895622253,-0.22450833022594452,1.0,3.5961357453872935,-76.58003049826202,2.259437743418808,-2.3652291070942644
contaminacion_alta_SO2,0.1946811079978943,0.11278607696294785,0.9560546875,3.4673173336446146,-76.48992947526354,0.014426799743152696,2.728279650915519
contaminacion_alta_SO2,0.4875454306602478,0.03641902655363083,1.0,3.604849403643249,-76.4923549265307,-0.0803617151120172,-0.996705044914069
contaminacion_alta_SO2,0.384273886680603,-0.1746942698955536,0.3291015625,3.320173290105906,-76.45094259193219,0.7872686705719474,2.869602151543081
contaminacion_alta_SO2,0.7081537842750549,-0.34278082847595215,0.8466796875,3.4683953119855575,-76.35886527530862,0.3614456212629765,1.08971066213835
contaminacion_alta_SO2,0.4117238223552704,-0.030666766688227654,0.97900390625,3.5669404986534228,-76.3845570924348,-1.214455280933487,-0.44964126310195623
contaminacion_alta_SO2,0.2721192538738251,0.05802948400378227,0.985595703125,3.407040378080223,-76.47349030556391,1.755407064451636,2.4445526646326496
contaminacion_alta_SO2,0.5632969737052917,-0.2187032550573349,0.44287109375,3.3817977185964763,-76.3295801970459,0.6613000936640829,0.8142071360398213
contaminacion_alta_SO2,0.5716283321380615,-0.2545657157897949,0.91845703125,3.488876900463473,-76.43387460153367,2.8064382641345333,-0.07006012196590586
contaminacion_alta_SO2,0.36563587188720703,0.020476510748267174,0.990234375,3.455908729536302,-76.48912099150782,0.013387289759890439,2.2388622447356856
contaminacion_alta_SO2,0.0734938532114029,-0.03506399691104889,0.41845703125,3.470730931724267,-76.48265312146206,-0.6841075347120923,2.516477922874998
contaminacion_alta_SO2,0.5812467336654663,-0.12601810693740845,1.0,3.5090889943561527,-76.43378477000526,1.0945759077286108,-1.170922868260936
contaminacion_alta_SO2,0.8259133100509644,-0.38094592094421387,1.0,3.515017875231339,-76.36191954727467,-0.33355700385549125,-0.34293050760243865
contaminacion_alta_SO2,0.6311683654785156,-0.22900590300559998,0.7744140625,3.4533036152123566,-76.6090460819395,-1.5027649078736234,-0.6178377447303014
contaminacion_alta_SO2,0.33265769481658936,-0.01797790639102459,0.83251953125,3.5223840605611154,-76.50600931884951,-1.8219428398585844,-0.5654608550250158
contaminacion_alta_SO2,0.6878040432929993,-0.23182383179664612,1.0,3.566581172539775,-76.5602675620111,1.8899084445626928,-1.7537154451311137
contaminacion_alta_SO2,0.339661568403244,-0.017991237342357635,0.437744140625,3.369939956846104,-76.51032123221334,-1.9523481593616743,0.16047840736968613
contaminacion_alta_SO2,0.40116310119628906,0.06403154134750366,1.0,3.547716551573274,-76.4212083560274,-0.962604926228224,-0.5957367226974504
contaminacion_alta_SO2,0.5768479704856873,-0.1941290944814682,1.0,3.457795191632952,-76.46010540783034,2.622503715051733,1.216722329417306
contaminacion_alta_SO2,0.18790203332901,0.10601137578487396,0.87060546875,3.4552799088374186,-76.48588705648494,1.5439578592636047,1.7428986162622813
contaminacion_alta_SO2,0.7327659130096436,-0.20196446776390076,1.0,3.324215708884442,-76.59476286892179,0.32067576288440847,-1.9073203484519952
contaminacion_alta_SO2,0.7084081172943115,-0.27883973717689514,0.9833984375,3.524989174885061,-76.31906990822155,-0.795836648167875,0.4267229159338622
contaminacion_alta_SO2,0.5773113965988159,-0.17216703295707703,1.0,3.51178394020851,-76.4516612441595,-0.3440510718336825,0.19241278813524715
contaminacion_alta_SO2,0.39513975381851196,-0.1926887333393097,0.51123046875,3.504687249463969,-76.39713350641266,-0.9625805929758905,0.12305466486669575
contaminacion_alta_SO2,0.335071861743927,-0.2532712519168854,0.4306640625,3.494805781338659,-76.40270306117428,1.5613338344877759,1.3111338484684802
contaminacion_alta_SO2,0.6796302795410156,-0.2536574900150299,1.0,3.3827858654090073,-76.50043976408789,-1.7761550555168775,-0.6039234125707107
contaminacion_alta_SO2,0.4207088351249695,0.010353880934417248,0.998046875,3.3258326763958563,-76.34835498648427,-0.10340167578375159,1.3802987438650691
contaminacion_alta_SO2,0.323891818523407,-0.167666956782341,0.416748046875,3.4235693793080144,-76.34574987216028,1.319273762181413,1.1757079423601142
contaminacion_alta_SO2,0.6079620122909546,-0.1684824824333191,0.98876953125,3.405153915983573,-76.39587586501487,2.7114387761268133,0.6040785367573717
contaminacion_alta_SO2,0.2554587125778198,-0.11612150073051453,0.717041015625,3.5794270811026783,-76.49864313351962,-1.7750589378280641,-0.03286538617347834
contaminacion_alta_SO2,0.7825130224227905,-0.3696083724498749,1.0,3.452854457570297,-76.41653711654992,1.9024492848732317,0.17335570247875146
contaminacion_alta_SO2,0.09969303756952286,0.09960563480854034,0.634765625,3.414855721052059,-76.49469054626944,-0.9348997701639482,2.817547194569539
contaminacion_alta_SO2,0.4888726770877838,-0.29269176721572876,0.594482421875,3.4204252758135976,-76.45516467376761,0.19741229011296743,1.2090277830020217
contaminacion_alta_SO2,0.3462715744972229,-0.10098553448915482,0.935546875,3.408926840176873,-76.46603428870561,0.6452901252395898,0.6673570740144051
contaminacion_alta_SO2,0.4996712803840637,-0.1715565174818039,0.987060546875,3.3155020506284867,-76.47852087115506,-0.30843508623762705,-0.03153446437656862
contaminacion_alta_SO2,0.5261469483375549,-0.37737658619880676,0.640625,3.3764078268917617,-76.46756142468864,0.9849270884745231,0.07450936324823067
contaminacion_alta_SO2,0.725845456123352,-0.3015531897544861,1.0,3.5779897766480877,-76.34646852438759,-0.6515136767043539,-0.15957215293272325
contaminacion_alta_SO2,0.5531448125839233,-0.1413082480430603,1.0,3.328168296134566,-76.4659444571772,1.6543386837831024,0.8254961108182431
contaminacion_alta_SO2,0.392336368560791,-0.037750571966171265,0.638916015625,3.5900272014552836,-76.32050721267616,-1.1302074654485175,-0.930055911218414
contaminacion_alta_SO2,0.6359133720397949,-0.32311826944351196,0.638671875,3.448093386564466,-76.35859578072338,0.7549610984789922,0.2782730979596827
contaminacion_alta_SO2,0.4446521997451782,-0.07198195159435272,0.978759765625,3.457076539405657,-76.55353019738011,-2.1536552808267193,0.8822590996911267
contaminacion_alta_SO2,0.4918469786643982,-0.07595254480838776,1.0,3.4545612566101234,-76.41213537165767,3.0468485137567574,0.22743127778816352
contaminacion_alta_SO2,0.47257959842681885,-0.03470548987388611,0.9970703125,3.389163903926253,-76.43656954738607,2.236312366290973,1.7121941355636952
contaminacion_alta_SO2,0.24483080208301544,0.06370887160301208,1.0,3.505944890861736,-76.51849590129895,-0.2793384409453541,0.11756941281328388
contaminacion_alta_SO2,0.6871601343154907,-0.18032139539718628,1.0,3.3727247342268734,-76.58389325398379,0.1319961118155861,-1.5539215705653675
contaminacion_alta_SO2,0.6183459758758545,-0.14169329404830933,1.0,3.383235023051067,-76.44168994450563,2.499052146834256,-0.5834952212778509
contaminacion_alta_SO2,0.40309303998947144,-0.002740275114774704,0.6865234375,3.455100245780595,-76.36380600937134,-0.21143813925255697,1.465047425672615
contaminacion_alta_SO2,0.7057560086250305,-0.3318723142147064,0.5400390625,3.478725937752927,-76.42246599742519,2.9866730671122976,0.4992780526426011
contaminacion_alta_SO2,0.5891140699386597,-0.2878122925758362,0.830078125,3.5462792471186835,-76.55667430087458,-0.5242429008308152,-0.7316535794984129
contaminacion_alta_SO2,0.5871682167053223,-0.10321124643087387,0.9501953125,3.463903735564962,-76.57302363904579,-1.0715280617992657,-0.12382500022717266
contaminacion_alta_SO2,0.4945887327194214,-0.13235503435134888,0.896728515625,3.464802050849081,-76.55757261615871,-1.2630102614968164,0.17175498330806094
contaminacion_alta_SO2,0.45479029417037964,-0.08083590865135193,0.98681640625,3.307057886957767,-76.4923549265307,2.250332510170139,1.4044935625242547
contaminacion_alta_SO2,0.6537242531776428,-0.257732629776001,1.0,3.3713772613006947,-76.34125829573962,2.7131283422258248,0.7501464405862289
contaminacion_alta_SO2,0.3539186120033264,-0.23959937691688538,0.642578125,3.33634296522005,-76.64210408439557,-1.4060918390061554,-0.7084600571158888
contaminacion_alta_SO2,0.3572812080383301,0.023001505061984062,0.815185546875,3.5085500051856813,-76.460464733944,-2.594743830267452,0.4332206633726369
contaminacion_alta_SO2,0.2703343331813812,0.07585274428129196,1.0,3.401201328733449,-76.52101118409452,-0.410921408398986,-0.5375803616539317
contaminacion_alta_SO2,0.7426961064338684,-0.18761542439460754,1.0,3.5920034950803457,-76.53897748977717,2.3748728379130957,-2.277339221391
contaminacion_alta_SO2,0.2554512321949005,0.09981003403663635,1.0,3.3983267198242677,-76.47160384346724,4.036003966015112,2.3957419294332287
contaminacion_alta_SO2,0.8281815052032471,-0.3325056731700897,1.0,3.5019024720832,-76.59431371127972,2.417595424757029,-3.391084450371086
contaminacion_alta_SO2,0.2909053564071655,0.08689093589782715,0.9990234375,3.4383915814959796,-76.54418771842514,-0.3601140542151395,0.6430082600286716
contaminacion_alta_SO2,0.8215574026107788,-0.2432369738817215,1.0,3.6080833386660776,-76.51741792295799,2.4938555869702945,-2.4646781389051813
contaminacion_alta_SO2,0.6947975158691406,-0.23334239423274994,0.755126953125,3.4913023517305946,-76.46423765813735,-0.233171766264194,0.20858914780237073
contaminacion_alta_SO2,0.668207585811615,-0.1089743822813034,1.0,3.6111376106320825,-76.52586208662883,1.7572394191135299,-2.166714038600708
contaminacion_alta_SO2,0.37254172563552856,0.06950858235359192,1.0,3.546908067817567,-76.42031004074327,0.7421182665480553,0.1880238885574326
contaminacion_alta_SO2,0.6177068948745728,-0.33840641379356384,0.680419921875,3.566760835596599,-76.35167875303556,-0.4965551085267069,-3.3630103951763317
contaminacion_alta_SO2,0.6641603708267212,-0.2778863310813904,1.0,3.4612986212410166,-76.39057580483849,2.716592780962029,0.44105615539162446
contaminacion_alta_SO2,0.3949193060398102,-0.027148492634296417,1.0,3.5433148066810904,-76.49109728513291,1.054272896857141,-0.40528641671140125
contaminacion_alta_SO2,0.4465792179107666,0.008372142910957336,1.0,3.5418775022265,-76.46486647883624,0.9811013791794526,-0.2004302728596278
contaminacion_alta_SO2,0.8124334216117859,-0.37614893913269043,1.0,3.42383887389325,-76.38841984815657,5.440640344191213,0.4377996136494684
contaminacion_alta_SO2,0.6609984636306763,-0.2754349112510681,1.0,3.3134359254750128,-76.30550534743115,3.3154078256401163,0.7391751924580326
contaminacion_alta_SO2,0.4964732527732849,-0.17050039768218994,0.46142578125,3.581762700841388,-76.37620276029237,-2.5074035724895034,-0.12073352151991451
contaminacion_alta_SO2,0.7106106281280518,-0.34737974405288696,0.87646484375,3.459951148314838,-76.42543043786283,2.765077224816253,-2.1578906630771533
contaminacion_alta_SO2,0.5935217142105103,-0.14603659510612488,1.0,3.5081008475436217,-76.32877171329018,-2.412850882553741,0.24520137253423252
contaminacion_alta_SO2,0.8470450639724731,-0.3039136528968811,1.0,3.5415181761128522,-76.59943410839928,2.666793487239645,-3.064377238671814
contaminacion_alta_SO2,0.6770623922348022,-0.2545623779296875,1.0,3.410903133801935,-76.42695757384585,2.6785753304925577,-1.7502345985743812
contaminacion_alta_SO2,0.4013136625289917,0.06066031754016876,1.0,3.5412486815276165,-76.43180847638017,0.09209759216672848,0.9782764039891165
contaminacion_alta_SO2,0.5896695852279663,-0.15873083472251892,1.0,3.5903865275689313,-76.40333188187317,-1.4700737170825133,0.04994702146196823
contaminacion_alta_SO2,0.7069528102874756,-0.20588815212249756,1.0,3.5583166719258794,-76.54634367510705,1.712243690710724,-1.8813562982108425
contaminacion_alta_SO2,0.7826073169708252,-0.2527807354927063,1.0,3.487978585179354,-76.58470173773951,0.9231013547376862,-2.903741578903036
contaminacion_alta_SO2,0.6636492609977722,-0.27194565534591675,0.93896484375,3.6009866479215367,-76.35823645460972,-0.5312230672064949,-0.9483762110070233
contaminacion_alta_SO2,0.5848242044448853,-0.10337869077920914,1.0,3.5395418824877902,-76.36254836797356,0.07785120086551374,-1.0407319592513595
contaminacion_alta_SO2,0.08525602519512177,0.16526348888874054,1.0,3.4403678751210416,-76.51535179780448,-3.6996027181941447,1.552144791963118
contaminacion_alta_SO2,0.6598955392837524,-0.229943186044693,0.9287109375,3.5649642050283608,-76.41069806720306,-2.0529428962719845,-0.18712877409809928
contaminacion_alta_SO2,0.77451491355896,-0.3561188578605652,1.0,3.304003614991762,-76.37341798291156,4.201098408010269,0.002792765420327472
contaminacion_alta_SO2,0.7287343740463257,-0.15171471238136292,1.0,3.607454517967194,-76.51283651500891,1.9548029809357474,-2.3934612668549944
contaminacion_alta_SO2,0.45500627160072327,-0.07801532000303268,1.0,3.5604726286077653,-76.39416906597502,0.38335909065468593,0.7895657358808849
