clase,ndvi,ndbi,scl_pct,lat,lon,PC1,PC2
contaminacion_alta_NO2,0.6391866207122803,-0.21137773990631104,0.9970703125,3.586883097960867,-76.44483404800009,-0.8309661622851445,-1.490694115255579
contaminacion_alta_NO2,0.5353635549545288,-0.20923039317131042,0.48583984375,3.5950577670463506,-76.31709361459646,-0.7299488056635978,-1.4548517223894544
contaminacion_alta_NO2,0.12360535562038422,0.16643568873405457,1.0,3.416113362449826,-76.47825137656982,-0.15348005430755252,2.721114204740494
contaminacion_alta_NO2,0.6504279375076294,-0.199527308344841,0.96142578125,3.4953447705091305,-76.32428013686952,2.899005913162439,0.09934288615616019
contaminacion_alta_NO2,0.5007303953170776,-0.2786976099014282,0.7529296875,3.59173400049511,-76.4503137712333,-1.2858119568612782,-1.3018310229014767
contaminacion_alta_NO2,0.6855624318122864,-0.15610027313232422,1.0,3.3188258171797274,-76.5330486089019,-0.5473226914590118,-1.460586926318251
contaminacion_alta_NO2,0.21753567457199097,0.10982741415500641,0.892578125,3.4595019906727784,-76.46792075080229,0.4677247179307066,3.171934299391552
contaminacion_alta_NO2,0.6149910688400269,-0.109434574842453,1.0,3.3545787654876675,-76.49603801919564,1.4845340947686463,1.0063723166380776
vegetacion_densa,0.6140055656433105,-0.21781203150749207,0.958984375,3.4603104744284856,-76.5988951192288,-1.6359496608403234,-1.1352723637965312
ozono_anomalo,0.3359439969062805,-0.18823972344398499,0.302490234375,3.5632574059885345,-76.42013037768645,-2.049501964450534,-2.7156313076871372
contaminacion_alta_SO2,0.4693009853363037,-0.07407329231500626,0.93115234375,3.3239462142992062,-76.3824909672813,1.9500982905231372,1.6865552324853232
contaminacion_alta_NO2,0.5589864253997803,-0.08371827006340027,1.0,3.4356068041152104,-76.33173615372782,0.1259414674456798,1.3419844580235156
contaminacion_alta_NO2,0.26423656940460205,-0.036613501608371735,0.67626953125,3.4285999448990814,-76.54697249580595,-2.9900518127785976,-0.48672609428858893
contaminacion_alta_NO2,0.07347488403320312,-0.044491417706012726,0.35302734375,3.433091521319677,-76.46980721289897,-0.7576686899026065,0.7612650150076884
vegetacion_densa,0.8022105693817139,-0.2977258563041687,1.0,3.3354446499359307,-76.55900992061332,-0.6830830682539238,-1.671421344293053
contaminacion_alta_NO2,0.7162836790084839,-0.2570926547050476,1.0,3.3058900770884123,-76.32490895756841,1.935220695286306,0.07014266383572654
ozono_anomalo,0.25667962431907654,0.009330605156719685,1.0,3.5443029534936215,-76.49738549212184,-1.5274360966175358,2.323050793197544
contaminacion_alta_NO2,0.5048578977584839,-0.028880171477794647,1.0,3.3134359254750128,-76.30550534743115,2.125111682189068,1.6403869200102887
contaminacion_alta_SO2,0.36035141348838806,-0.07379563897848129,0.426025390625,3.5950577670463506,-76.34018031739866,-1.372419934279297,-0.6285814555073742
contaminacion_alta_NO2,0.3427101969718933,0.02204759605228901,0.859375,3.6158986816379137,-76.38940799496912,-1.3709120226086,-0.8739071605916859
vegetacion_densa,0.6717327237129211,-0.2172459065914154,1.0,3.5702642652046634,-76.33955149669977,-0.9562815273675506,0.5020914907552877
contaminacion_alta_NO2,0.2359819859266281,0.04389050975441933,1.0,3.505944890861736,-76.51849590129895,-0.7384845577658783,0.5306172021998944
contaminacion_alta_NO2,0.36700862646102905,-0.05749938264489174,0.716064453125,3.3935656488184365,-76.39003681566801,0.9496414258409498,2.2705291368024545
ozono_anomalo,0.47095680236816406,-0.1872151494026184,0.516357421875,3.390062219210372,-76.58542038996681,-1.4096720464520016,-0.8737278481125675
contaminacion_alta_NO2,0.43235141038894653,-0.025740541517734528,1.0,3.520767093049701,-76.4407916292215,0.256839004802092,0.501695783024959
contaminacion_alta_NO2,0.17598509788513184,0.04933236166834831,0.525146484375,3.536846936635433,-76.31251220664738,-0.8769247523568237,-0.22318537086980494
contaminacion_alta_NO2,0.48744460940361023,-0.12751932442188263,1.0,3.4753123396732746,-76.4747479469617,2.336477437396512,0.9734073336211724
vegetacion_densa,0.7721076607704163,-0.3715199828147888,0.5087890625,3.5510403181245147,-76.60176972813802,1.1890210710305371,-1.0793081771028794
contaminacion_alta_NO2,0.25824275612831116,-0.0241991113871336,0.31640625,3.3834146861078906,-76.44707983621042,-2.205044859472685,0.5283137531109531
contaminacion_alta_NO2,0.7184208631515503,-0.18802744150161743,1.0,3.312178284077246,-76.54355889772624,-0.9329263597396689,0.9537382928768057
contaminacion_alta_NO2,0.5264559984207153,-0.11121894419193268,1.0,3.601705300148832,-76.47897002879712,-1.3287947952505124,-0.852825686204862
vegetacion_densa,0.7272449731826782,-0.3210489749908447,0.846435546875,3.4753123396732746,-76.63860065478745,0.36555259444382293,-2.5141425124343946
contaminacion_alta_NO2,0.5636240243911743,-0.14527763426303864,1.0,3.4416255165188083,-76.45597315752333,1.3279187941809674,3.959675999056434
ozono_anomalo,0.42247867584228516,0.042002882808446884,0.55859375,3.5961357453872935,-76.42884403594253,-1.974691866617286,0.7771200552061834
contaminacion_alta_NO2,0.7765849828720093,-0.31511741876602173,0.93798828125,3.3577228689820844,-76.61075288097935,0.16130632292970792,-2.8893411890868577
contaminacion_alta_SO2,0.5840497016906738,-0.21098001301288605,0.869140625,3.398147056767444,-76.5988951192288,-0.03330592616911667,-1.3752044352899446
contaminacion_alta_NO2,0.7497196197509766,-0.36729758977890015,1.0,3.5900272014552836,-76.44195943909087,-0.34538144157488365,-1.5821361236994753
vegetacion_densa,0.7890417575836182,-0.3755776882171631,0.99951171875,3.584727141278981,-76.32589710438096,-0.22771955879183722,-1.0814494718089966
contaminacion_alta_NO2,0.4794004261493683,-0.20012295246124268,1.0,3.4983990424751354,-76.4862463825986,1.4691065633622076,2.245128591633798
contaminacion_alta_NO2,0.6391111612319946,-0.2344427853822708,1.0,3.560921786249825,-76.37278916221267,0.4130558240372014,-1.2173528404574632
vegetacion_densa,0.721652090549469,-0.19978421926498413,1.0,3.48779892212253,-76.56709475817051,-0.9221574074281331,-0.41394598598090415
contaminacion_alta_NO2,0.7088165879249573,-0.3136981129646301,1.0,3.5320858656296017,-76.46441732119418,-0.8577436758064306,-1.6693252582274318
ozono_anomalo,0.4665067791938782,-0.013886052183806896,1.0,3.3837740122215383,-76.43854584101116,1.892204712380895,0.708840454510204
contaminacion_alta_NO2,0.5019518136978149,-0.04421812295913696,1.0,3.5473572254596264,-76.50511100356537,1.8669972454733552,-1.171357543931916
contaminacion_alta_NO2,0.5743274688720703,-0.10730525851249695,1.0,3.3157715452137224,-76.34844481801268,1.9026596673932872,0.4358762687007216
contaminacion_alta_NO2,0.36051779985427856,-0.13475856184959412,0.74072265625,3.552836948692753,-76.49091762207608,-0.3896666884744419,-2.2027293674261363
contaminacion_alta_NO2,0.593298614025116,-0.1127254068851471,1.0,3.4643528932070216,-76.56188452952254,-0.7057701920369384,-1.5323358924287631
vegetacion_densa,0.6077603101730347,-0.1752096563577652,1.0,3.3047222672190575,-76.39030631025325,0.8522824349937339,2.6726174995772434
contaminacion_alta_SO2,0.7135573625564575,-0.30488714575767517,1.0,3.3169393550830772,-76.61093254403617,-0.10544034825821531,-0.8264613957511666
ozono_anomalo,0.7395554184913635,-0.2276543527841568,0.996826171875,3.441086527348337,-76.59018146097272,0.3100836686791196,-1.9911076388532463
contaminacion_alta_SO2,0.8118082284927368,-0.32744520902633667,1.0,3.593530631063348,-76.54912845248786,2.2816002036264726,-2.099051655768386
contaminacion_alta_NO2,0.4802923798561096,-0.06141604110598564,1.0,3.4993871892876665,-76.44366623813072,0.7825401469015637,0.9152658457741117
contaminacion_alta_NO2,0.3270624876022339,0.047459907829761505,1.0,3.4695631218549123,-76.41276419235656,0.5455303177349746,0.9764255400275162
ozono_anomalo,0.3401278555393219,-0.08908389508724213,0.40087890625,3.362034782345856,-76.53771984837938,-2.424453157888513,0.8412192523455473
ozono_anomalo,0.6208118796348572,-0.2483992874622345,0.9765625,3.3937453118752603,-76.34592953521711,3.2301970250690677,0.6642688051658302
contaminacion_alta_NO2,0.6457102298736572,-0.28907322883605957,0.69677734375,3.425994830575136,-76.45049343429012,1.7541655827975708,0.37518653824176473
vegetacion_densa,0.6882733106613159,-0.08544869720935822,1.0,3.3205326162195536,-76.50385336216759,-1.4372569304436849,-0.7005009232412156
contaminacion_alta_NO2,0.43355512619018555,-0.08020961284637451,1.0,3.3284377907198017,-76.46684277246133,1.5955059173026163,0.49203984803930095
vegetacion_densa,0.6703428626060486,-0.18019548058509827,1.0,3.610418958404787,-76.62925817583248,-0.5353177208826364,-0.7687383492667039
ozono_anomalo,0.5458272695541382,-0.01015249639749527,0.953125,3.5081008475436217,-76.32877171329018,0.5042040908404278,-0.768858480431626
contaminacion_alta_SO2,0.4989076852798462,-0.1660114824771881,0.623046875,3.358980510379851,-76.3567093186267,1.8018634124134028,0.07308410817807418
contaminacion_alta_NO2,0.2429220825433731,-0.15452860295772552,0.309814453125,3.536757105107021,-76.3709925316444,-1.4836961082406326,-0.04560027410543997
ozono_anomalo,0.6309167146682739,-0.27464720606803894,0.76708984375,3.447734060450818,-76.37880787461636,1.512132655781005,1.6950202451548064
contaminacion_alta_NO2,0.8067190647125244,-0.44117075204849243,0.97412109375,3.431025396166203,-76.42596942703331,2.571363423128789,0.3337485025562248
contaminacion_alta_NO2,0.7892266511917114,-0.3319762349128723,1.0,3.434977983416327,-76.37898753767318,1.9648374454554234,0.14919370751781538
contaminacion_alta_NO2,0.44872888922691345,-0.05069999024271965,0.970703125,3.377216310647469,-76.51454331404877,-1.8825103963821221,-0.4809809692952167
ozono_anomalo,0.5606902241706848,-0.19389468431472778,1.0,3.410903133801935,-76.42695757384585,1.1373695309105214,2.1317328640556537
contaminacion_alta_NO2,0.6052818298339844,-0.14011865854263306,0.828125,3.5611912808350605,-76.55541665947679,1.9239103554207406,-0.574264723068039
contaminacion_alta_NO2,0.5028506517410278,-0.059755466878414154,0.882080078125,3.5903865275689313,-76.50367369911076,-0.6506835793620313,-2.1082602880771284
contaminacion_alta_NO2,0.287075936794281,-0.06698471307754517,0.39501953125,3.4392000652516868,-76.56709475817051,-1.465698682810822,0.30962185990045954
vegetacion_densa,0.7174925804138184,-0.22073572874069214,1.0,3.5841881521085095,-76.41105739331671,-1.427996167536002,-0.994243006987017
contaminacion_alta_NO2,0.6322152614593506,-0.19545643031597137,1.0,3.374251870209876,-76.32050721267616,0.9142779025721078,0.8970792233807978
contaminacion_alta_NO2,0.7438867688179016,-0.3328636586666107,1.0,3.577540619006028,-76.37018404788869,0.696140112646452,-1.970779311909552
vegetacion_densa,0.7702294588088989,-0.4003623127937317,0.9873046875,3.5863441087903953,-76.39416906597502,-0.4272037782408197,-1.4230014949455996
vegetacion_densa,0.6599738001823425,-0.27413254976272583,0.94189453125,3.319274974821787,-76.43567123210194,1.7036592339602978,2.2731876441873324
contaminacion_alta_NO2,0.6966626644134521,-0.2974800765514374,1.0,3.588859391585929,-76.37144168928647,1.7330384157165881,-1.2744784964195712
ozono_anomalo,0.44446712732315063,-0.0291556715965271,0.7998046875,3.5072025322595026,-76.44276792284658,-3.5170399551114935,-2.3307556314299203
ozono_anomalo,0.7476956248283386,-0.31947630643844604,0.5615234375,3.49390746605454,-76.3777298962754,-0.2392743140366999,-1.5594084726077155
contaminacion_alta_SO2,0.8633933067321777,-0.3255314826965332,1.0,3.6161681762231495,-76.55990823589745,2.852829856924413,-2.4836520498584953
contaminacion_alta_NO2,0.41611015796661377,-0.13217614591121674,0.7177734375,3.467946154343498,-76.43504241140305,1.3221474930655333,0.8696027950088628
vegetacion_densa,0.7753779888153076,-0.31003397703170776,1.0,3.589488212284812,-76.58820516734762,1.9833004013507718,-0.42720207964654205
contaminacion_alta_NO2,0.4166637063026428,-0.19491255283355713,0.5771484375,3.602693446961363,-76.45264939097204,-2.441053162207832,1.4643582913039648
contaminacion_alta_NO2,0.20370839536190033,0.06337817013263702,0.877685546875,3.4833073457019346,-76.48669554024066,0.9765435704784944,3.191854129425509
ozono_anomalo,0.2729380428791046,0.05490710586309433,0.998046875,3.4133285850690567,-76.46720209857499,1.3456099088600317,3.33193648463505
contaminacion_alta_NO2,0.42026543617248535,0.013822905719280243,1.0,3.5660421833693037,-76.44070179769308,-0.1892384671973955,-1.1480292092532502
vegetacion_densa,0.7649075388908386,-0.3727991580963135,1.0,3.5992798488817104,-76.32652592507985,-0.9916131145510948,-0.6763074648408073
vegetacion_densa,0.6517572402954102,-0.2526293396949768,0.986572265625,3.479085263866575,-76.42066936685693,2.257483544619945,0.5647348002112103
contaminacion_alta_SO2,0.555738091468811,-0.121573306620121,1.0,3.5754744938525542,-76.41608795890785,-0.8747914416622214,-0.5302123793953686
ozono_anomalo,0.2773515582084656,-0.014256018213927746,0.64453125,3.3956317739719104,-76.53232995667459,-4.148355818054945,-1.7265556847270953
vegetacion_densa,0.8339963555335999,-0.31146320700645447,1.0,3.5394520509593783,-76.59287640682511,2.6322103783211173,-3.0460222821774585
contaminacion_alta_SO2,0.834909200668335,-0.2997264266014099,1.0,3.316220702855782,-76.59629000490482,1.03888486535625,-2.8853055582435263
contaminacion_alta_NO2,0.1622302383184433,0.10723354667425156,0.59375,3.617515649149328,-76.32481912604,-0.5760215702071725,0.6719790762659936
ozono_anomalo,0.4097242057323456,-0.01897674985229969,0.9873046875,3.6031426046034225,-76.39596569654329,-2.513574317693028,1.180214422920195
ozono_anomalo,0.36282795667648315,-0.18576137721538544,0.417724609375,3.586613603375631,-76.45678164127905,-3.7958090443679238,-2.471236650455915
vegetacion_densa,0.7434356212615967,-0.30280715227127075,1.0,3.3204427846911417,-76.32481912604,2.6059661904293128,1.07444916218931
contaminacion_alta_NO2,0.5518375039100647,-0.1221035048365593,0.9970703125,3.523012881259999,-76.37853838003112,-2.1432295627684996,0.6094537952132382
vegetacion_densa,0.6727977991104126,-0.2709958851337433,1.0,3.3557465753570224,-76.31969872892044,1.6357044224081585,1.0902533198047613
contaminacion_alta_NO2,0.47871243953704834,-0.06780575960874557,1.0,3.553914927033696,-76.35428386735954,-1.4539164589602145,1.6809142735724796
contaminacion_alta_SO2,0.47619205713272095,0.033270396292209625,1.0,3.3448769604191813,-76.42785588912999,2.4771652594498663,1.588727500001966
vegetacion_densa,0.6388986110687256,-0.2652059495449066,0.933837890625,3.6049392351716607,-76.60518332621773,-0.3403800265000269,-1.618885656601829
contaminacion_alta_NO2,0.2576620876789093,-0.01531902514398098,0.3671875,3.4825886934746393,-76.44465438494326,0.6107691951048547,1.3729452996770717
vegetacion_densa,0.6499027013778687,-0.20554670691490173,1.0,3.3984165513526796,-76.36299752561563,1.3944944229596117,1.4226842201264804
vegetacion_densa,0.724108874797821,-0.315984308719635,1.0,3.3137952515886604,-76.48930065456464,2.0390052012085578,0.6658142723213494
contaminacion_alta_NO2,0.18520736694335938,0.05534069240093231,1.0,3.538643567203671,-76.49487020932627,-1.1841473954642925,0.7740348104271619
contaminacion_alta_NO2,0.6274910569190979,-0.17691917717456818,1.0,3.4696529533833242,-76.3309276699721,1.41218051474724,0.009868137004131597
ozono_anomalo,0.2946839928627014,-0.15141496062278748,0.35205078125,3.4595918222011903,-76.60913591346791,-1.0509262712367695,-0.6936365026351196
ozono_anomalo,0.5169904232025146,-0.03563888743519783,1.0,3.379282435800943,-76.35904493836544,2.3694204351275077,-0.3249499092962853
contaminacion_alta_SO2,0.7048845291137695,-0.26193779706954956,1.0,3.6389853844397746,-76.41797442100453,0.7147141040898328,-2.1219484951966168
ozono_anomalo,0.6998961567878723,-0.26518604159355164,1.0,3.6001781641658295,-76.42336431270932,1.2808676951089266,-1.4576447788604
contaminacion_alta_SO2,0.6569990515708923,-0.27427536249160767,1.0,3.4325525321492054,-76.61605294115573,0.43146913048493457,-1.8537840958346172
vegetacion_densa,0.7366465330123901,-0.22218170762062073,1.0,3.562538753761239,-76.56422014926129,2.3333544358156453,-2.6561256463273817
contaminacion_alta_NO2,0.25786441564559937,0.19186557829380035,0.998046875,3.353051629504665,-76.37970618990049,-0.14531004891110375,0.95311974657799
vegetacion_densa,0.7259440422058105,-0.2134658247232437,1.0,3.3688619785051612,-76.57895251992106,0.17769016229576146,-0.49779376942830117
contaminacion_alta_NO2,0.4712717831134796,-0.1426880657672882,0.5341796875,3.547716551573274,-76.4212083560274,-2.438928339760899,1.3127991033763409
vegetacion_densa,0.6300490498542786,-0.24725595116615295,0.8544921875,3.334097177009752,-76.63473789906568,-1.6419231488870667,-1.152483777947534
contaminacion_alta_NO2,0.3749907612800598,-0.01960546150803566,0.50927734375,3.3097528328101244,-76.37117219470123,0.13115604240230497,1.4312191679940596
vegetacion_densa,0.6492742896080017,-0.35384804010391235,0.5048828125,3.3155918821568986,-76.56502863301701,-1.1103195383943922,-2.7558934269894038
ozono_anomalo,0.603477418422699,-0.23730751872062683,0.78173828125,3.5480758776869217,-76.35473302500161,-0.8317510639862661,-0.15583728336491198
ozono_anomalo,0.6499881744384766,-0.29801467061042786,0.494140625,3.416832014677121,-76.37135185775806,2.2748529277087735,2.0176481241891513
vegetacion_densa,0.6685835123062134,-0.23916147649288177,0.33544921875,3.6080833386660776,-76.60419517940518,-0.548369675803555,-1.8455836899866582
contaminacion_alta_NO2,0.34540700912475586,-0.18645252287387848,0.429931640625,3.4612986212410166,-76.39057580483849,-0.03486364311953107,0.7718968876490288
contaminacion_alta_NO2,0.7475605607032776,-0.3378008008003235,1.0,3.4584240123318355,-76.43028134039714,2.806921543429519,-0.7805239602355181
vegetacion_densa,0.7901960611343384,-0.3975692689418793,0.641357421875,3.367155179465335,-76.39425889750343,1.3095068465511503,-0.2914169756005823
contaminacion_alta_SO2,0.6446508765220642,-0.30981218814849854,0.39111328125,3.612754578143497,-76.40270306117428,-0.27255264420765485,-1.152366154587496
contaminacion_alta_SO2,0.5902868509292603,-0.28900521993637085,0.9921875,3.4673173336446146,-76.30963759773816,0.517544374763496,0.20503758983574152
contaminacion_alta_SO2,0.4761344790458679,-0.24144147336483002,0.3056640625,3.571791401187666,-76.34278543172265,-1.399037866291735,-2.3947535654293755
contaminacion_alta_SO2,0.15832072496414185,0.10476773977279663,1.0,3.4434221470870465,-76.48930065456464,-1.79766507875659,2.6065392584912974
vegetacion_densa,0.6915269494056702,-0.29058924317359924,0.97705078125,3.4934583084124804,-76.59718832018895,0.24147915613076051,-1.9750057549700875
ozono_anomalo,0.8633414506912231,-0.4000316858291626,1.0,3.462107104996724,-76.4062064907824,2.3363831882464394,0.23029079648454256
contaminacion_alta_NO2,0.4503660202026367,-0.30498701333999634,0.643310546875,3.494805781338659,-76.32329199005697,2.473288707849629,-0.2532712029676158
vegetacion_densa,0.7110939025878906,-0.2607395350933075,0.7099609375,3.592811978836053,-76.59611034184799,2.085587611647267,-1.693767999918075
vegetacion_densa,0.7625647783279419,-0.21063488721847534,1.0,3.602693446961363,-76.60617147303027,2.0695094411002213,-2.6221009816504517
contaminacion_alta_SO2,0.7203974723815918,-0.20872513949871063,1.0,3.3208021108047894,-76.55146407222661,-1.3428089311828781,-0.6693200958306761
contaminacion_alta_NO2,0.14793279767036438,0.12926381826400757,0.96533203125,3.4355169725867984,-76.499810943389,-0.9621089966275199,3.221230403255358
contaminacion_alta_SO2,0.627148449420929,-0.2303619682788849,1.0,3.3766773214769974,-76.43683904197131,2.202046098507484,1.452595437596295
contaminacion_alta_NO2,0.45821914076805115,0.012033019214868546,0.94189453125,3.3127172732477175,-76.50538049815061,-1.9612811459223243,-0.20793323851481532
contaminacion_alta_NO2,0.6150813102722168,-0.08089638501405716,1.0,3.5943391148190553,-76.50645847649157,1.5691434967695472,-0.6066020698566204
contaminacion_alta_NO2,0.400846391916275,-0.009582852944731712,0.9921875,3.5443927850220334,-76.50313470994028,1.6624312831103134,-0.9674502268890557
contaminacion_alta_NO2,0.21410074830055237,0.026228802278637886,0.83447265625,3.482858188059875,-76.48391076285985,0.48878687910101626,1.4788010276321475
contaminacion_alta_NO2,0.7255290746688843,-0.33921724557876587,0.732666015625,3.5264264793396514,-76.4523798963868,-0.3080813504259256,-1.6352651710124977
contaminacion_alta_SO2,0.7606562972068787,-0.40898576378822327,0.65576171875,3.444140799314342,-76.40548783855509,-0.054437110322240384,0.3112163278217163
contaminacion_alta_SO2,0.7398674488067627,-0.35940688848495483,0.962158203125,3.458873169973895,-76.42408296493663,2.9353563750461427,-2.0588892369912966
contaminacion_alta_SO2,0.6772086024284363,-0.27723705768585205,0.82763671875,3.5623590907044154,-76.37602309723555,-0.29160424959782966,-0.985948095371708
contaminacion_alta_NO2,0.5017866492271423,-0.1601645052433014,1.0,3.316041039798958,-76.47061569665469,1.8374972836753742,0.15272718512450895
ozono_anomalo,0.5297349691390991,-0.09256955981254578,0.890625,3.6030527730750106,-76.33002935468797,1.0222617031589278,-1.0461780170361616
ozono_anomalo,0.4772113263607025,-0.06362313032150269,1.0,3.3544889339592556,-76.47375980014915,1.980751999502166,0.2952966331668978
contaminacion_alta_SO2,0.6856189370155334,-0.2582128345966339,0.95068359375,3.554633579260991,-76.37180101540012,-0.1112602394905058,-1.2555953943920717
vegetacion_densa,0.7518987655639648,-0.34265056252479553,1.0,3.4683953119855575,-76.35886527530862,1.9522890543766551,1.7181082619992512
contaminacion_alta_NO2,0.07623615860939026,0.08370082825422287,0.843017578125,3.4525849629850613,-76.53215029361776,-2.3077190760879205,-0.03151578141865503
contaminacion_alta_NO2,0.7102601528167725,-0.11690857261419296,1.0,3.4793547584518105,-76.58757634664873,1.0684626202069643,-2.026377297172559
vegetacion_densa,0.6217682361602783,-0.23691213130950928,0.593994140625,3.564784541971537,-76.44025264005101,-1.2547588658982853,0.2040366538314857
contaminacion_alta_SO2,0.3922118544578552,-0.19971230626106262,0.6162109375,3.4744140243891555,-76.31718344612487,-0.24470210571351123,0.832217783033059
contaminacion_alta_SO2,0.7853788733482361,-0.3865261673927307,1.0,3.4923803300715375,-76.38132315741193,2.675704605688332,0.6512478097660377
ozono_anomalo,0.4014434218406677,0.0211337823420763,0.7861328125,3.387906262528486,-76.51364499876463,-2.19669581236684,0.8519723044837804
contaminacion_alta_SO2,0.8594657182693481,-0.4521291255950928,0.5302734375,3.3284377907198017,-76.42650841620379,1.450397849392699,-0.7729006344550854
ozono_anomalo,0.7011147737503052,-0.27074363827705383,0.829345703125,3.3867384526591313,-76.46639361481927,1.9700151674373758,0.5147969008705339
vegetacion_densa,0.6497096419334412,-0.2710862159729004,0.9482421875,3.40218947554598,-76.5900916294443,-2.0786234502665373,-2.0784055408488973
contaminacion_alta_NO2,0.4782642722129822,0.007832780480384827,1.0,3.5033397765377905,-76.35922460142227,-2.095767218710514,-0.28685167944699597
vegetacion_densa,0.7412655353546143,-0.3269416391849518,1.0,3.330324252816452,-76.30658332577211,3.098317588571494,-0.4245302578491606
contaminacion_alta_NO2,0.4842684268951416,-0.0885499119758606,0.92626953125,3.317298681196725,-76.45570366293809,1.372099770853476,2.260597860811111
vegetacion_densa,0.7008208632469177,-0.3025093972682953,0.900390625,3.371197598243871,-76.30622399965846,1.4474442674799566,1.3177121572750328
contaminacion_alta_NO2,0.6310368180274963,-0.07767041027545929,1.0,3.6329666720361766,-76.4978346497639,1.3675428895009414,-1.1872057945188101
ozono_anomalo,0.2586037516593933,0.05992539972066879,0.564453125,3.398147056767444,-76.47735306128568,0.24158975963645235,2.107453527370849
ozono_anomalo,0.36948567628860474,-0.2182246446609497,0.3154296875,3.554633579260991,-76.56332183397716,0.3928267641269045,-1.4340757127558545
contaminacion_alta_NO2,0.49600595235824585,-0.07573475688695908,1.0,3.5331638439705446,-76.48103615395063,0.4704593816643003,-0.5976894485039957
ozono_anomalo,0.5817086100578308,-0.2366412878036499,0.875,3.4642630616786096,-76.3824909672813,2.0613858842775477,0.5191149303180074
contaminacion_alta_NO2,0.5412440299987793,-0.14322082698345184,1.0,3.498848200117195,-76.33398194193815,1.5469722567724193,0.8669619549616773
contaminacion_alta_NO2,0.7233811616897583,-0.2546482980251312,0.93798828125,3.5422368283401475,-76.44501371105692,-1.5081706430561121,-0.019434927797049664
ozono_anomalo,0.5736433863639832,-0.1755225956439972,0.656982421875,3.60583755045578,-76.35437369888795,-1.727843959386131,-1.1396467894558218
contaminacion_alta_NO2,0.635665774345398,-0.0865563303232193,0.9970703125,3.514928043702927,-76.52990450540743,1.8280641077547661,-1.7471332768857486
contaminacion_alta_NO2,0.4546438455581665,-0.29978033900260925,0.4599609375,3.355207586186551,-76.46423765813735,0.586783659342821,0.7368486297769667
contaminacion_alta_NO2,0.6072796583175659,-0.25109589099884033,0.881103515625,3.3034646258212907,-76.33128699608575,2.2118018637211687,-0.8959518455547666
contaminacion_alta_NO2,0.6301727294921875,-0.1438881754875183,1.0,3.4306660700525553,-76.4300118458119,2.4751046292950156,-0.32546337811203224
contaminacion_alta_SO2,0.2609737515449524,-0.17087116837501526,0.416015625,3.5381944095616116,-76.58119830813139,-1.564766904416362,-0.07783900045009379
vegetacion_densa,0.6696494221687317,-0.20265555381774902,0.695556640625,3.5579573458122318,-76.63860065478745,0.8012163165818044,-1.2329167962374235
contaminacion_alta_NO2,0.6889181733131409,-0.22560334205627441,1.0,3.5025312927820833,-76.54131310951591,0.1611919574369308,-0.4638062975002305
vegetacion_densa,0.7740654945373535,-0.3380886912345886,1.0,3.5982018705407675,-76.44115095533515,-0.6281716045322912,-0.8568532318366754
vegetacion_densa,0.7719521522521973,-0.3661273419857025,0.9453125,3.588589897000693,-76.40512851244144,-0.25529374575695146,-0.7351876156187965
contaminacion_alta_NO2,0.6989388465881348,-0.25712698698043823,0.97265625,3.3708382721302232,-76.43360510694843,0.9913238245742132,-0.9513890587371371
contaminacion_alta_NO2,0.747016429901123,-0.3130241632461548,1.0,3.30813586529871,-76.38500625007687,1.9448700208047973,1.3718416413796612
vegetacion_densa,0.6551768183708191,-0.23964929580688477,0.9794921875,3.423120221665955,-76.33613789862007,0.9680525479480379,0.7655742739418427
ozono_anomalo,0.2590917944908142,0.1271822452545166,1.0,3.5491538560278646,-76.31556647861343,-0.11489390860594709,0.598800531164721
vegetacion_densa,0.6780050992965698,-0.3310598134994507,0.564208984375,3.4325525321492054,-76.37790955933222,1.1310540027723148,0.3937739677467624
contaminacion_alta_NO2,0.356448233127594,-0.15957506000995636,0.547119140625,3.4885175743498253,-76.34871431259792,1.6142392887977581,1.123935708018912
contaminacion_alta_NO2,0.6157074570655823,-0.2876507043838501,0.6748046875,3.4726173938209173,-76.39497754973074,2.1030314282237925,-0.5562402340963145
contaminacion_alta_NO2,0.511492908000946,-0.08314372599124908,0.99609375,3.3685924839199255,-76.49567869308198,0.5632196224345034,1.5912761489636371
vegetacion_densa,0.6023703813552856,-0.24439425766468048,0.75048828125,3.4234795477796025,-76.45669180975064,0.8274445392477235,0.3621702400690848
contaminacion_alta_NO2,0.7203104496002197,-0.2557410001754761,1.0,3.6102392953479634,-76.30820029328355,-0.22718418447228206,-1.1804454866206209
contaminacion_alta_NO2,0.5944283604621887,-0.13117331266403198,1.0,3.3643704020845657,-76.39452839208867,2.240224101080824,-0.5771228535038698
vegetacion_densa,0.7282116413116455,-0.18465742468833923,1.0,3.544662279607269,-76.63312093155425,1.9371512821417318,-1.333355825877851
contaminacion_alta_SO2,0.43071019649505615,-0.1691216379404068,0.880126953125,3.3155020506284867,-76.47852087115506,2.1079531607504105,1.4031743867806956
contaminacion_alta_NO2,0.742393970489502,-0.27069520950317383,1.0,3.345954938760124,-76.3078409671699,3.274717122809314,-0.2883146674111751
contaminacion_alta_NO2,0.6331876516342163,-0.2552878260612488,0.979736328125,3.351165167408015,-76.48705486635431,1.1216919054324506,0.5811525368898538
contaminacion_alta_SO2,0.1341320127248764,0.11347033828496933,0.69921875,3.5352299691240185,-76.31044608149388,-1.6662496848037747,0.8400270883190241
contaminacion_alta_NO2,0.5406795144081116,-0.15859884023666382,1.0,3.563886226687418,-76.50547032967903,0.5545186972041959,-0.32509517116292874
ozono_anomalo,0.7168295383453369,-0.23416593670845032,0.945068359375,3.4234795477796025,-76.61793940325241,-0.7670221928397508,-1.4494209726083889
vegetacion_densa,0.7212886810302734,-0.3214789628982544,1.0,3.570803254375135,-76.45588332599492,-0.3777585468168975,-0.7696560178173232
contaminacion_alta_NO2,0.5708802342414856,-0.34702467918395996,0.786865234375,3.461118958184193,-76.3709925316444,1.022131584587124,1.536975228311748
ozono_anomalo,0.5387347936630249,-0.2104109823703766,0.771240234375,3.555621726073522,-76.32877171329018,-0.30565217250463456,-2.2888181056168215
contaminacion_alta_NO2,0.46627581119537354,-0.02996256574988365,0.94384765625,3.4941769606397757,-76.36398567242817,0.9302701104342851,1.8115048496479966
vegetacion_densa,0.6443988084793091,-0.16205677390098572,0.75,3.5651438680851846,-76.63446840448044,0.06138504876980523,-0.15846567415721005
contaminacion_alta_SO2,0.685033917427063,-0.31412070989608765,0.3681640625,3.6282056010303454,-76.5188552274126,1.846085893704576,-2.271701188366093
contaminacion_alta_NO2,0.6864727735519409,-0.2908366918563843,0.883544921875,3.319005480236551,-76.63042598570185,-1.870576284202177,-2.3174549994795144
vegetacion_densa,0.8026135563850403,-0.41536954045295715,0.318359375,3.3845824959772455,-76.40162508283332,1.2676495451936323,-0.5677769958310671
contaminacion_alta_NO2,0.5626980066299438,-0.2659524381160736,0.761962890625,3.420964264984069,-76.38078416824145,0.7591917953330031,0.10655910070873875
ozono_anomalo,0.5003142356872559,-0.10174964368343353,0.68017578125,3.511694108680098,-76.37144168928647,-1.0673092018286896,-1.1684508990726161
contaminacion_alta_NO2,0.7584253549575806,-0.255102276802063,0.826171875,3.3346361661802235,-76.56646593747162,-1.7680680132914475,-1.4701796692879021
contaminacion_alta_SO2,0.7746519446372986,-0.41578662395477295,1.0,3.6121257574446135,-76.43306611777795,-1.2664020419277104,-0.9223965184832373
vegetacion_densa,0.7162680625915527,-0.24761271476745605,0.970703125,3.4944464552250114,-76.64560751400369,-0.41253131588405306,-0.9026977834580711
ozono_anomalo,0.6822453737258911,-0.22323255240917206,0.9697265625,3.4645325562638454,-76.63698368727601,-1.93953313575106,-1.4298545646044978
contaminacion_alta_NO2,0.5712890625,-0.11944431066513062,1.0,3.3856604743181884,-76.50897375928714,-1.610939301423088,-0.5078375804760371
contaminacion_alta_NO2,0.5825056433677673,-0.15965302288532257,1.0,3.436954277041389,-76.41590829585103,1.048503274683981,2.917753754649175
ozono_anomalo,0.5358438491821289,-0.07117331773042679,0.9990234375,3.3787434466304713,-76.35338555207541,1.7681289148190071,1.2965077411639114
ozono_anomalo,0.1536189317703247,0.10258963704109192,0.9736328125,3.492649824656773,-76.51050089527017,-2.3376535190660266,-0.36903120910626847
contaminacion_alta_NO2,0.7912160158157349,-0.37467658519744873,1.0,3.457974854689776,-76.34188711643851,3.242559862519583,0.5077089957037964
vegetacion_densa,0.7431432604789734,-0.3344903588294983,1.0,3.4922904985431256,-76.4000979468503,1.818930893338765,-0.4257258773238828
contaminacion_alta_NO2,0.29093992710113525,0.04383476823568344,1.0,3.4274321350297265,-76.54517586523768,-1.4501876258088344,-1.567343429730243
contaminacion_alta_NO2,0.2734059989452362,-0.07507967948913574,0.47216796875,3.380270582613474,-76.50672797107681,-3.3040431662381877,0.08709355241402997
vegetacion_densa,0.6769521236419678,-0.2028161883354187,1.0,3.4632749148660786,-76.60006292909817,0.7757484958018556,-2.340670148341716
contaminacion_alta_NO2,0.7732073068618774,-0.4020498991012573,1.0,3.6061070450410155,-76.44923579289234,0.12982641757862148,-1.5589938122416163
contaminacion_alta_NO2,0.46143242716789246,-0.1578064262866974,0.55810546875,3.3526024718626055,-76.40584716466874,-0.09796695309780033,-2.4312495419465256
contaminacion_alta_NO2,0.34892112016677856,0.18369266390800476,1.0,3.39419446951732,-76.4422289336761,0.22558102704890326,1.4264991885737204
vegetacion_densa,0.6925127506256104,-0.3223841190338135,0.87841796875,3.4764801495426294,-76.33200564831306,1.4507437270526236,-0.5371946909224632
ozono_anomalo,0.7766901254653931,-0.22258153557777405,1.0,3.528762099078361,-76.60087141285389,2.6594693072191182,-2.656222506979382
contaminacion_alta_NO2,0.3919111490249634,-0.07610112428665161,1.0,3.5433148066810904,-76.49109728513291,-0.23372149118969934,0.15988968655234292
ozono_anomalo,0.6282649040222168,-0.11604899168014526,1.0,3.3155918821568986,-76.4286643728857,0.19977462866947965,1.8481288728231002
contaminacion_alta_NO2,0.20366427302360535,-0.0200252216309309,0.5693359375,3.4923803300715375,-76.50241605771298,-2.4806150858348395,0.7777763381898464
vegetacion_densa,0.6086349487304688,-0.2372133582830429,1.0,3.3416430253963525,-76.31691395153963,2.839396755141285,1.4233915071108063
vegetacion_densa,0.831343412399292,-0.4358559250831604,0.896728515625,3.3158613767421343,-76.38824018509975,1.698933118935513,-0.783578031957391
contaminacion_alta_NO2,0.7064221501350403,-0.29801446199417114,1.0,3.527863783794242,-76.33829385530198,-1.333674478490095,-1.1631730911194593
contaminacion_alta_NO2,0.16541992127895355,0.02463689260184765,0.5439453125,3.4542019304964757,-76.5351147340554,-3.115215687630582,0.2330266178232757
contaminacion_alta_NO2,0.4268200397491455,-0.15263938903808594,0.6748046875,3.3404752155269977,-76.33416160499497,1.060349371717562,0.6306399242295199
vegetacion_densa,0.6063125133514404,-0.18116691708564758,1.0,3.5418775022265,-76.46486647883624,-1.3325566491339367,0.09047784759633622
ozono_anomalo,0.7212325930595398,-0.3069941997528076,0.99951171875,3.308405359883946,-76.39156395165104,4.018458920098263,0.07104857408833698
ozono_anomalo,0.7844606041908264,-0.3942229747772217,0.85693359375,3.527684120737418,-76.34610919827394,-3.3266434765938144,-1.5718575141169795
vegetacion_densa,0.6429662704467773,-0.24200215935707092,0.9912109375,3.320083458577494,-76.30469686367543,2.227293698282507,1.1546518707793358
contaminacion_alta_SO2,0.38884222507476807,0.006702294573187828,0.970703125,3.4444102938995775,-76.41492014903848,1.8760703514411907,1.557157619143794
contaminacion_alta_NO2,0.26933231949806213,0.016786793246865273,0.794921875,3.5592149872099985,-76.36668061828057,-4.6929517867568755,-1.12394207971873
ozono_anomalo,0.6765060424804688,-0.20419944822788239,1.0,3.5552623999598745,-76.37602309723555,0.7775912004342223,-1.128784865364185
ozono_anomalo,0.5149822235107422,-0.08095292001962662,0.98388671875,3.5882305708870454,-76.45363753778459,-1.198211367175973,0.2655646914185332
contaminacion_alta_NO2,0.4975035786628723,-0.07232508808374405,1.0,3.5373859258059044,-76.31826142446583,0.6479191019733724,-0.4368544530706187
contaminacion_alta_NO2,0.42287296056747437,-0.1380436271429062,0.9638671875,3.3787434466304713,-76.47061569665469,-1.3541256065701262,0.11538850109558613
ozono_anomalo,0.6635478734970093,-0.19226734340190887,1.0,3.325383518753797,-76.49810414434914,3.021416559787756,-0.1974784506689489
ozono_anomalo,0.3644385039806366,-0.0784488171339035,0.322265625,3.5991001858248866,-76.6348277305941,-0.9290999323563177,-0.7376009156974487
ozono_anomalo,0.4032711088657379,-0.006937291473150253,1.0,3.375150185493995,-76.53951647894765,0.0857834822375932,-0.00020214029886163212
contaminacion_alta_NO2,0.776735246181488,-0.3366774022579193,0.9130859375,3.3538601132603723,-76.60877658735426,0.17870158558968297,-2.9309077488118507
vegetacion_densa,0.6729011535644531,-0.3155295252799988,1.0,3.338049764259876,-76.40674547995287,2.0233494027961405,1.30056851599241
contaminacion_alta_NO2,0.41965824365615845,-0.25602513551712036,0.55908203125,3.4924701615999494,-76.57589824795501,-2.5688843936257055,-1.212508948829798
vegetacion_densa,0.6123266220092773,-0.24924983084201813,0.9462890625,3.3107409796226555,-76.54319957161259,-2.7416015127694107,-0.14087060048332317
contaminacion_alta_NO2,0.25911831855773926,0.0672360360622406,1.0,3.4782767801108676,-76.51148904208272,-3.0208746515191187,0.016256574723944876
contaminacion_alta_NO2,0.6032403111457825,-0.2579571306705475,1.0,3.552567454107517,-76.47861070268347,-2.1977760003036626,1.6760306518305133
ozono_anomalo,0.20565783977508545,0.028864756226539612,0.638671875,3.505944890861736,-76.49864313351962,-4.283311773350876,-2.0134874091732304
contaminacion_alta_NO2,0.4978097677230835,-0.27719229459762573,0.517578125,3.5683778031080133,-76.53610288086794,2.0890569406861323,-1.1054569402067382
vegetacion_densa,0.7782189846038818,-0.24294885993003845,1.0,3.5324451917432493,-76.56862189415354,2.4486852649273647,-2.807383246534288
contaminacion_alta_NO2,0.407656192779541,-0.007143726572394371,0.99609375,3.391050366022903,-76.53331810348713,-2.001754815901241,-1.3236615882011327
vegetacion_densa,0.6293203830718994,-0.18899127840995789,1.0,3.3497278629534244,-76.4021640720038,-2.463209525319657,-0.09898648715590617
ozono_anomalo,0.18076267838478088,-0.1904679536819458,0.51416015625,3.4393797283085106,-76.63087514334391,-2.2939256950480362,-1.0114427824225691
ozono_anomalo,0.4836594760417938,-0.2280852198600769,0.384033203125,3.366077201124392,-76.63644469810554,-1.9154660497733986,-1.4730978119510434
ozono_anomalo,0.4268200099468231,-0.13873502612113953,0.64990234375,3.4834870087587584,-76.56395065467605,-3.735904133195532,0.4031969703995384
contaminacion_alta_NO2,0.34936660528182983,-0.1270984411239624,0.71875,3.616617333865209,-76.45121208651743,-1.2340572248259245,-0.3559385894536877
contaminacion_alta_NO2,0.5874311923980713,-0.22467446327209473,0.3017578125,3.56774898240913,-76.44393573271596,-0.177955389705664,-0.40651874194416826
vegetacion_densa,0.6242294311523438,-0.23113077878952026,0.865234375,3.4104539761598756,-76.35473302500161,1.0211171565871497,1.172606525926153
contaminacion_alta_NO2,0.4751303195953369,-0.13597778975963593,0.5263671875,3.550591160482455,-76.35338555207541,-1.5451216329671784,-1.200124397528429
contaminacion_alta_NO2,0.3500362038612366,-0.014279812574386597,1.0,3.4636342409797263,-76.43396443306209,-0.8622523835720902,0.8661653036889159
contaminacion_alta_NO2,0.4599130153656006,-0.15858891606330872,0.3671875,3.4895955526907683,-76.59116960778526,-1.6198757877861374,-2.283190388355305
contaminacion_alta_NO2,0.44042307138442993,0.051830071955919266,1.0,3.3045426041622337,-76.35257706831969,0.5489831752208928,0.9240875514333294
vegetacion_densa,0.6829103827476501,-0.29093819856643677,1.0,3.4584240123318355,-76.37198067845695,0.3050619340391137,0.4278002519541897
ozono_anomalo,0.605076014995575,-0.21699176728725433,0.90478515625,3.6082630017229014,-76.44034247157943,-0.3481161604778318,-1.4836927311054988
vegetacion_densa,0.648952841758728,-0.2843397855758667,0.986328125,3.5451114372493286,-76.57266431293213,1.0297857089104916,-1.0032217795272464
contaminacion_alta_NO2,0.15092699229717255,0.11543005704879761,0.9990234375,3.469742784911736,-76.50466184592331,-2.238630627144312,0.2421129154806651
ozono_anomalo,0.12152118235826492,0.0921112596988678,0.3466796875,3.4283304503138456,-76.5378096799078,-2.811056137646647,-0.43992143273191153
ozono_anomalo,0.8476585745811462,-0.31297510862350464,1.0,3.3637415813856824,-76.62027502299115,1.608648901052566,-2.119265045246483
ozono_anomalo,0.5110626816749573,-0.3211625814437866,1.0,3.3504465151807197,-76.6368938557476,-0.12651478344605877,-1.7329975133136624
contaminacion_alta_NO2,0.25603654980659485,-0.017705047503113747,0.46337890625,3.393835143403672,-76.52783838025393,-1.6929368269610754,0.33110958250228695
contaminacion_alta_NO2,0.73583984375,-0.36729860305786133,1.0,3.4202456127567737,-76.39749283252631,1.787140877953999,-1.3981484827800936
vegetacion_densa,0.6531774997711182,-0.25376927852630615,1.0,3.356195732999082,-76.40333188187317,0.5314015473915289,0.8415889536096761
vegetacion_densa,0.6990507245063782,-0.18380217254161835,1.0,3.5434046382095024,-76.39291142457724,-0.039311511310298426,1.202496769235333
contaminacion_alta_SO2,0.4427225589752197,-0.05016016215085983,1.0,3.3628432661015633,-76.53798934296462,0.09269538281483126,-1.620046134637733
vegetacion_densa,0.6484535932540894,-0.142628014087677,0.365234375,3.604490077529601,-76.34071930656914,-0.4165888073956289,-1.147164991422516
vegetacion_densa,0.648586094379425,-0.24686211347579956,1.0,3.5962255769157054,-76.44267809131817,-0.2799932279228542,-1.174635827641362
contaminacion_alta_NO2,0.6012605428695679,-0.20565634965896606,0.703125,3.4164726885634735,-76.40854211052114,-0.03856780308969046,0.7453095659285397
contaminacion_alta_NO2,0.5494529008865356,-0.13464146852493286,0.935546875,3.6053883928137203,-76.30568501048798,-0.7031049653947943,-0.31146184468309723
contaminacion_alta_NO2,0.3060601055622101,-0.13268505036830902,0.57958984375,3.4566273817635973,-76.30523585284591,0.2284890753657159,2.303388737262382
contaminacion_alta_NO2,0.7261173725128174,-0.2972846031188965,1.0,3.4482730496212897,-76.44591202634105,1.3682116490106793,1.3109326945406523
vegetacion_densa,0.6103469729423523,-0.31524091958999634,0.74951171875,3.5135805707767482,-76.60347652717788,0.6151239299981516,-0.9867077230066191
contaminacion_alta_NO2,0.39015769958496094,-0.17047682404518127,0.78125,3.615808850109502,-76.34404307312043,-3.820497104502218,-2.3978659947179124
contaminacion_alta_NO2,0.6546761989593506,-0.2534520924091339,1.0,3.5043279233503215,-76.4625308590975,-0.23539853219178086,-0.04997823011643221
contaminacion_alta_NO2,0.6110327839851379,-0.19570226967334747,1.0,3.5902966960405194,-76.43306611777795,0.4561424533699359,-0.23004427506539102
ozono_anomalo,0.4212981164455414,-0.20420235395431519,0.326171875,3.5844576466937452,-76.55308103973805,0.20632326989008848,-1.6216006313122673
contaminacion_alta_NO2,0.32048454880714417,0.02409786358475685,0.809814453125,3.4931888138272447,-76.44249842826135,0.4767090110469304,0.8996591660452233
contaminacion_alta_SO2,0.571285605430603,-0.2522432804107666,0.9228515625,3.528941762135185,-76.41869307323184,-0.46572436334853695,-0.2106413351573947
ozono_anomalo,0.5084078907966614,-0.02752606011927128,0.9765625,3.3109206426794793,-76.35922460142227,-0.7522689233215023,0.583736824344522
contaminacion_alta_NO2,0.4218292534351349,-0.0922679752111435,0.55712890625,3.3553872492433747,-76.34628886133076,2.1392286972147563,0.5097725840707684
contaminacion_alta_NO2,0.7185988426208496,-0.2165813148021698,1.0,3.358261858152556,-76.55981840436904,0.5865415438250657,-1.6567906856939734
contaminacion_alta_NO2,0.4855329096317291,-0.09084506332874298,0.595703125,3.433810173546972,-76.43683904197131,0.44683036452821656,0.6530922217407306
contaminacion_alta_NO2,0.26443982124328613,0.007627718150615692,0.596923828125,3.5833796683528023,-76.45660197822222,-1.975320622879071,0.937404598950016
vegetacion_densa,0.6397026777267456,-0.19342181086540222,0.99853515625,3.3883554201705457,-76.41384217069752,0.6636602292991107,1.2185864895812824
contaminacion_alta_NO2,0.7783755660057068,-0.37890493869781494,1.0,3.46381390403655,-76.39731316946948,3.2417081033392723,0.05519700465199826
contaminacion_alta_NO2,0.2531678080558777,0.10099693387746811,1.0,3.5550827369030507,-76.38599439688942,-0.7309641236162857,-0.43570513616872597
contaminacion_alta_NO2,0.5093065500259399,0.053096599876880646,1.0,3.595596756216822,-76.50277538382663,-0.10367206874584899,0.23030609500464355
contaminacion_alta_NO2,0.35966435074806213,-0.017189402133226395,1.0,3.328976779890273,-76.4699868759558,-0.8651563576007419,0.9939186467741626
contaminacion_alta_NO2,0.3844332695007324,0.04978914558887482,1.0,3.523821365015706,-76.4680105823307,-0.4219559473943378,-0.4149624848201686
contaminacion_alta_NO2,0.18364332616329193,0.1327890157699585,1.0,3.420874433455657,-76.51112971596906,-1.7426683282559134,-1.0214041574813741
contaminacion_alta_NO2,0.49106234312057495,-0.08596452325582504,0.4404296875,3.485822628497468,-76.59575101573434,-0.902054671366977,-1.6643422161593981
ozono_anomalo,0.5754798650741577,-0.23861747980117798,0.5537109375,3.5233722073736464,-76.31610546778391,-0.9666188602073901,-1.1720432723986443
vegetacion_densa,0.7340359687805176,-0.2722993493080139,0.92578125,3.555801389130346,-76.58577971608047,0.9552030718707788,-1.7212535413943972
vegetacion_densa,0.6189945936203003,-0.1204165518283844,1.0,3.3304140843448637,-76.35140925845032,1.6229408494435893,0.8676252605474964
contaminacion_alta_NO2,0.7474575042724609,-0.27931806445121765,1.0,3.3085850229407696,-76.3329937951256,3.2187741678616133,-0.11579596983873944
contaminacion_alta_SO2,0.6566803455352783,-0.22513166069984436,0.7890625,3.5632574059885345,-76.57410161738675,1.8991665834708318,-2.1506950539086427
contaminacion_alta_NO2,0.23365908861160278,-0.0445069819688797,0.46875,3.5292112567204206,-76.48543789884287,0.36016244977432194,-0.4282871316813682
vegetacion_densa,0.7287638187408447,-0.2711394131183624,1.0,3.344158308191886,-76.39461822361709,3.131556018600718,1.076470333765956
contaminacion_alta_NO2,0.741305410861969,-0.3069469928741455,1.0,3.4252761783478407,-76.34476172534774,1.0228932559715154,0.010427301526520919
contaminacion_alta_NO2,0.032667044550180435,0.09648823738098145,0.765869140625,3.424827020705781,-76.51669927073068,-1.9788025602245827,0.8888145155478309
vegetacion_densa,0.6004648208618164,-0.2454475462436676,0.9951171875,3.504956744049205,-76.46917839220008,-1.2113288280987686,-1.05433831670836
ozono_anomalo,0.29396122694015503,-0.008143861778080463,0.7294921875,3.616617333865209,-76.39183344623628,-2.205460443114193,-0.07605864896756379
contaminacion_alta_SO2,0.738349437713623,-0.31502261757850647,1.0,3.4224015694386596,-76.3954267073728,2.6427916572218706,-1.5996423231960395
contaminacion_alta_NO2,0.4805248975753784,-0.08703631162643433,0.609375,3.320173290105906,-76.45094259193219,0.1216619766150983,2.064492400421986
ozono_anomalo,0.6938440799713135,-0.19195789098739624,0.99267578125,3.6460820751843155,-76.57679656323914,1.8770409654728684,-1.6472046210732778
contaminacion_alta_NO2,0.292935848236084,-0.018081728368997574,0.415771484375,3.498758368588783,-76.39111479400897,-0.009477706239210886,1.5639134967460189
vegetacion_densa,0.7445077896118164,-0.3985058665275574,0.71875,3.574755841625259,-76.30999692385181,-0.9283735177304403,-0.2700073453196842
vegetacion_densa,0.7617712020874023,-0.20805194973945618,1.0,3.3069680554293552,-76.51732809142958,-0.21165552949727473,-0.8787943250874564
vegetacion_densa,0.7001303434371948,-0.2731216251850128,1.0,3.5273247946237705,-76.43755769419862,0.14855811495530705,-0.8167795045042183
contaminacion_alta_NO2,0.6909759044647217,-0.15101546049118042,1.0,3.530828224231835,-76.51732809142958,-0.3680118142224701,-1.6829699333773234
contaminacion_alta_NO2,0.48762741684913635,-0.13351747393608093,0.861328125,3.3967995838412652,-76.56332183397716,-3.8954465361030297,-0.047977057065331626
vegetacion_densa,0.70815110206604,-0.31206655502319336,0.861572265625,3.4843853240428775,-76.38770119592927,2.4491980076872535,-0.36647534850173275
vegetacion_densa,0.6672739386558533,-0.2034420669078827,1.0,3.311279968793127,-76.58317460175648,-1.2979683826217017,-1.4608263094998266
contaminacion_alta_NO2,0.6631376147270203,-0.2878991961479187,1.0,3.4823191988894036,-76.46747159316023,2.320006177854113,0.9619510244488058
contaminacion_alta_NO2,0.20442473888397217,-0.15926578640937805,0.3984375,3.490673531031711,-76.55784211074395,-2.3964348564081552,-1.5282421003184956
vegetacion_densa,0.7435572147369385,-0.25739550590515137,0.84130859375,3.6031426046034225,-76.63159379557122,1.8497626349754999,-0.7362904384959397
ozono_anomalo,0.6505652070045471,-0.3222782015800476,0.818359375,3.6162580077515614,-76.31682412001122,-0.6942771066195416,-0.5247696298764493
contaminacion_alta_NO2,0.5610513687133789,-0.23954080045223236,1.0,3.562898079874887,-76.42246599742519,-1.1942342552501954,-1.1411644404653112
contaminacion_alta_NO2,0.7083678245544434,-0.25518572330474854,0.848876953125,3.342990498322531,-76.6090460819395,-0.28536087001261945,-0.7129094684281378
contaminacion_alta_NO2,0.7036377787590027,-0.32439124584198,0.634521484375,3.5433148066810904,-76.34530071451822,0.4689495932479446,-1.0766783076607644
vegetacion_densa,0.6833876967430115,-0.2926310896873474,0.502685546875,3.381168897897593,-76.33676671931896,1.2425829333504117,1.1753434660647344
ozono_anomalo,0.6345843076705933,-0.16522887349128723,1.0,3.6109579475752587,-76.30820029328355,1.3146765424312352,-0.9722629233932856
contaminacion_alta_NO2,0.34383442997932434,-0.16043299436569214,0.4033203125,3.435786467172034,-76.30891894551085,0.4901259473209285,1.8445958044376851
contaminacion_alta_NO2,0.627090334892273,-0.12837934494018555,0.9453125,3.323137730543499,-76.54230125632846,-1.171500901646701,-0.805964721111423
contaminacion_alta_SO2,0.42648765444755554,0.01776081882417202,1.0,3.366077201124392,-76.35599066639939,1.0865158035443185,1.7163652479989813
ozono_anomalo,0.6474909782409668,-0.2777741551399231,1.0,3.5085500051856813,-76.460464733944,-0.8807537003178597,-3.810739728742025
contaminacion_alta_NO2,0.4536955952644348,-0.09765584021806717,0.672119140625,3.610508789933199,-76.35383470971747,-0.02131873533726073,-0.5268674559880385
vegetacion_densa,0.718982458114624,-0.30078446865081787,0.7470703125,3.466778344474143,-76.39407923444661,1.2807353533896555,1.4868831091269359
contaminacion_alta_SO2,0.3075626492500305,0.0017410395666956902,0.998046875,3.3596093310787345,-76.50780594941777,-1.268490817933528,-0.06481012514551597
contaminacion_alta_NO2,0.6356641054153442,-0.31712132692337036,0.331298828125,3.4394695598369225,-76.32302249547173,1.27799865791005,0.5759385651668567
ozono_anomalo,0.4183463752269745,-0.1146344318985939,0.33251953125,3.5670303301818347,-76.33865318141564,-0.8550212494847665,-2.089665997692895
contaminacion_alta_NO2,0.6073580980300903,-0.027086924761533737,1.0,3.6260496443484596,-76.49226509500228,1.2469460407249897,-1.052678309601119
contaminacion_alta_NO2,0.5002425909042358,-0.19137969613075256,0.759765625,3.3445176343055336,-76.40261322964587,0.33662382704067084,-0.8049956872456827
contaminacion_alta_NO2,0.590923547744751,-0.17674589157104492,1.0,3.6010764794499486,-76.3540143727743,1.0400168103773937,-1.1504642970061443
ozono_anomalo,0.7462314963340759,-0.345935195684433,0.656494140625,3.4494408594906445,-76.34601936674552,-0.13264927874996255,-1.5956826826088342
contaminacion_alta_NO2,0.3433745503425598,0.0167342871427536,1.0,3.463005420280843,-76.46441732119418,0.591630545211079,1.2823291129392278
contaminacion_alta_NO2,0.5146823525428772,-0.1340034008026123,0.880859375,3.3993148666367987,-76.5616150349373,-3.8426463531234254,-0.08505290344160465
contaminacion_alta_NO2,0.610589861869812,-0.2935423254966736,1.0,3.5341519907830756,-76.46890889761484,-0.09050728627913063,-0.2801594200131345
contaminacion_alta_NO2,0.5336107015609741,-0.019988059997558594,1.0,3.363022929158387,-76.49756515517866,1.22077295879713,1.217382422949107
contaminacion_alta_NO2,0.6721711158752441,-0.2878067195415497,0.8447265625,3.359968657192382,-76.31898007669314,2.3482922821952887,-1.146595527330985
contaminacion_alta_NO2,0.281032919883728,0.14401030540466309,1.0,3.518880630953051,-76.45624265210857,-0.8438279991528992,0.11323253716273893
vegetacion_densa,0.600451648235321,-0.25788265466690063,0.931884765625,3.5162755166291055,-76.60626130455869,-0.28485519659641473,-1.4574491080026708
vegetacion_densa,0.6547525525093079,-0.2750850319862366,0.5546875,3.332031051856278,-76.43782718878386,0.9262093474630976,1.7760512350341031
contaminacion_alta_NO2,0.7211956977844238,-0.27768567204475403,1.0,3.4651613769627287,-76.46405799508052,1.3419355420809804,0.3827007835838544
ozono_anomalo,0.5549663305282593,-0.1211322695016861,0.832763671875,3.358082195095732,-76.30676298882894,-0.8704328966044792,0.6269567619175558
contaminacion_alta_NO2,0.4999573230743408,-0.22517886757850647,0.77783203125,3.5195094516519343,-76.48579722495653,-2.8520981976679516,0.3277064036300117
contaminacion_alta_NO2,0.5926456451416016,-0.11035831272602081,1.0,3.3618551192890322,-76.33020901774479,2.787223325233274,0.09638766984448968
contaminacion_alta_NO2,0.4650612473487854,-0.13934922218322754,0.63232421875,3.420784601927245,-76.43279662319271,1.8181820875253805,1.4367922055605111
vegetacion_densa,0.7202714085578918,-0.296645849943161,0.9951171875,3.574666010096847,-76.32913103940383,-1.0312624998472992,-0.6465732638664747
vegetacion_densa,0.7080042362213135,-0.20908750593662262,1.0,3.5483453722721574,-76.42713723690268,-1.807348067889359,-0.7418239783668763
ozono_anomalo,0.4946262240409851,-0.0333048515021801,0.990234375,3.375958669249702,-76.42947285664142,1.719422409601316,1.328548214647328
contaminacion_alta_NO2,0.22702758014202118,0.0697624534368515,1.0,3.4762106549573937,-76.51184836819637,-2.7248201468984807,0.41304727995051244
contaminacion_alta_NO2,0.7497960925102234,-0.2790430188179016,1.0,3.5944289463474672,-76.32975986010273,1.4176208430890358,-1.2978022387023054
contaminacion_alta_NO2,0.14504007995128632,0.054635267704725266,0.689453125,3.424198200006898,-76.53727069073732,-3.1821985145104916,-0.06442634858255576
vegetacion_densa,0.6701598167419434,-0.24554547667503357,0.8505859375,3.504687249463969,-76.39713350641266,-1.4433311783430667,1.088201118981397
contaminacion_alta_NO2,0.3747783303260803,0.0038984939455986023,1.0,3.3994046981652106,-76.48840233928051,-1.1039151218858507,1.4706510787226899
ozono_anomalo,0.55251145362854,-0.09569717943668365,1.0,3.435786467172034,-76.3200580550341,1.82795581547126,0.6995452009033557
vegetacion_densa,0.7023829221725464,-0.18646414577960968,1.0,3.45581889800789,-76.58613904219412,0.7312766933214693,-2.5724904865817373
ozono_anomalo,0.4539893567562103,-0.15793177485466003,0.84375,3.6159885131663256,-76.4136625076407,-0.6626488646218756,-0.38933230534891405
vegetacion_densa,0.6800768375396729,-0.20145462453365326,0.7861328125,3.3075968761282386,-76.35590083487098,1.7289321786456393,0.5809567008131127
ozono_anomalo,0.5707533359527588,-0.2728205919265747,0.5673828125,3.307057886957767,-76.4923549265307,0.8340179588946057,2.284732650925463
ozono_anomalo,0.601417601108551,-0.21563954651355743,0.89111328125,3.5474470569880383,-76.33991082281342,-0.9236291742333435,-0.8774950160316163
ozono_anomalo,0.5568349361419678,-0.16670888662338257,0.71923828125,3.390241882267196,-76.38904866885547,1.4882811146983286,1.7694762843828382
contaminacion_alta_NO2,0.2702805697917938,0.05527186021208763,1.0,3.551579307294986,-76.30568501048798,-1.612503179807062,1.0419329716194374
vegetacion_densa,0.7444831728935242,-0.28575703501701355,0.53271484375,3.3886249147557814,-76.41995071462962,1.6899881628880187,1.2747512818375673
contaminacion_alta_NO2,0.2864605784416199,0.03721144050359726,0.99755859375,3.401201328733449,-76.52101118409452,-1.7722785052084227,0.021665786331572595
contaminacion_alta_NO2,0.6624431610107422,-0.31850188970565796,0.99462890625,3.595686587745234,-76.39937929462299,-0.28682184983101405,-1.4910229008710738
contaminacion_alta_NO2,0.475330114364624,-0.17244425415992737,0.935546875,3.4442306308427537,-76.47196316958089,1.7920945745561143,1.4244045748017917
contaminacion_alta_NO2,0.4280235767364502,-0.029495615512132645,1.0,3.5334333385557803,-76.50277538382663,0.5727969645929903,1.3336237197681136
ozono_anomalo,0.3011232018470764,0.05468326434493065,1.0,3.5819423638982117,-76.42435245952187,-1.3542336886369155,0.568491001211108
contaminacion_alta_NO2,0.24189384281635284,0.11230367422103882,1.0,3.5085500051856813,-76.52927568470854,0.6834780810149463,1.3297402479907838
contaminacion_alta_NO2,0.16894331574440002,0.1321992427110672,1.0,3.4073997041938706,-76.5066381395484,-0.7451772435827846,1.1310230095869274
contaminacion_alta_NO2,0.2671681046485901,0.05967596918344498,0.983154296875,3.4873497644804705,-76.49567869308198,-0.024420729107830465,1.0999406780720327
ozono_anomalo,0.4160824418067932,-0.10389092564582825,0.829833984375,3.5353198006524305,-76.41734560030564,-0.6878552668795012,0.9225906692090414
contaminacion_alta_NO2,0.728164553642273,-0.33286431431770325,1.0,3.6019747947340677,-76.42147785061265,-0.3572861571660553,-1.6114817000254649
vegetacion_densa,0.704551637172699,-0.20421835780143738,0.958984375,3.5421469968117356,-76.64039728535572,1.0517332164337143,-2.3410938244418493
contaminacion_alta_NO2,0.65367591381073,-0.21036796271800995,0.9033203125,3.370029788374516,-76.57904235144947,-0.8491144676392177,-1.2081994012694883
contaminacion_alta_NO2,0.7203762531280518,-0.2804459035396576,1.0,3.5912848428530504,-76.37925703225842,1.08010549427901,-1.1734013993457497
contaminacion_alta_NO2,0.1954018920660019,0.061184998601675034,0.6162109375,3.3885350832273695,-76.5622438556362,-4.101378233373828,2.2854237580837493
contaminacion_alta_NO2,0.435702919960022,-0.10344919562339783,0.35107421875,3.3327497040835734,-76.41725576877722,0.20883455767063946,2.2926171696804807
ozono_anomalo,0.6567222476005554,-0.22006434202194214,1.0,3.5504114974256313,-76.41483031751007,-0.5973947538570705,-0.2016511205953168
vegetacion_densa,0.6091570854187012,-0.19325292110443115,0.601806640625,3.3323903779699258,-76.33371244735291,1.391918595088156,0.47652083302102116
contaminacion_alta_NO2,0.35022979974746704,-0.05519959330558777,0.45654296875,3.39185884977861,-76.57742538393803,-2.2298411150016966,0.42509754307802733
contaminacion_alta_NO2,0.4559878706932068,-0.014154127798974514,0.74609375,3.5412486815276165,-76.43180847638017,-0.919315772500676,-1.105494065652177
ozono_anomalo,0.18232452869415283,0.13366839289665222,1.0,3.4615681158262523,-76.50942291692921,-2.279240447806748,0.9530266619286631
contaminacion_alta_NO2,0.3181302547454834,-0.004167420789599419,0.64599609375,3.5223840605611154,-76.49433122015579,-3.3559389920147003,3.817619016006471
vegetacion_densa,0.7620440125465393,-0.36594492197036743,1.0,3.5864339403188072,-76.32490895756841,-0.11537380560036196,-0.4893097738389117
contaminacion_alta_NO2,0.49853572249412537,-0.006794015411287546,1.0,3.5342418223114875,-76.53619271239636,-0.2804053230316118,0.266375500950938
ozono_anomalo,0.4675525426864624,-0.12954741716384888,0.9970703125,3.4046149268131014,-76.47852087115506,1.4741807211646962,-0.1948758696442441
vegetacion_densa,0.6574392318725586,-0.2539394497871399,0.572265625,3.5084601736572694,-76.33290396359719,-0.8239295552319694,-0.5610074562865858
contaminacion_alta_SO2,0.26925599575042725,-0.05184809863567352,0.515625,3.304003614991762,-76.38392827173591,-2.7232331546546966,1.7317132754705242
contaminacion_alta_SO2,0.700999915599823,-0.2878871560096741,1.0,3.4384814130243915,-76.42516094327759,2.8357038703486688,-1.8255957078587346
contaminacion_alta_NO2,0.32119080424308777,0.02151946723461151,1.0,3.428959271012729,-76.54760131650484,-0.638226781550869,-0.08799065720035548
vegetacion_densa,0.6100550889968872,-0.15612003207206726,1.0,3.420874433455657,-76.3662314606385,1.1616309419474127,1.7486105420176044
contaminacion_alta_NO2,0.45024436712265015,-0.15769806504249573,0.714111328125,3.5470877308743907,-76.35087026927984,-1.7988365877875774,-0.6058820143409799
ozono_anomalo,0.693152666091919,-0.2921883165836334,1.0,3.490763362560123,-76.37260949915584,2.6712790459979354,-0.030966484211824144
ozono_anomalo,0.7022314071655273,-0.2759062349796295,0.9482421875,3.438930570666451,-76.60733928289964,-2.7855304652481583,-3.206635756339014
ozono_anomalo,0.6531616449356079,-0.2630431354045868,0.3916015625,3.607454517967194,-76.51283651500891,1.2093555351240297,0.5348729882396445
contaminacion_alta_NO2,0.5496700406074524,-0.14429491758346558,0.775390625,3.5090889943561527,-76.43378477000526,-0.828538761624702,-0.9610504854466272
contaminacion_alta_NO2,0.22785788774490356,-0.0054054297506809235,0.63330078125,3.5474470569880383,-76.30945793468133,-2.57249165659358,0.16661139075540138
vegetacion_densa,0.6320664286613464,-0.3097393214702606,0.65771484375,3.4445001254279894,-76.37494511889459,1.164045617524116,-0.38474721211243035
vegetacion_densa,0.6187983751296997,-0.1804577112197876,0.4033203125,3.4832175141735227,-76.3425159371374,1.4810236908116003,1.1403618195751797
ozono_anomalo,0.4727300703525543,-0.0876649022102356,0.931640625,3.5701744336762515,-76.41869307323184,-2.354087417918993,0.8860551342401172
contaminacion_alta_NO2,0.7308452129364014,-0.22134515643119812,1.0,3.59362046259176,-76.50133807937202,-0.6656355816407558,-0.6483884843064994
contaminacion_alta_NO2,0.49324941635131836,-0.18548224866390228,0.9921875,3.5633472375169464,-76.4747479469617,-0.6185902373241683,-0.7913333421465601
contaminacion_alta_NO2,0.5048376321792603,-0.07412182539701462,0.659912109375,3.5202281038792296,-76.4157286327942,-1.0348468258869576,0.802228013949137
contaminacion_alta_NO2,0.7227542996406555,-0.30527737736701965,1.0,3.53576895829449,-76.37602309723555,1.4589908707130055,-1.735507946478268
contaminacion_alta_NO2,0.634076714515686,-0.18700963258743286,1.0,3.4126997643701733,-76.36066190587688,2.119043050503529,-0.64326688453743
contaminacion_alta_NO2,0.684921145439148,-0.14548951387405396,1.0,3.3247546980549134,-76.50367369911076,-1.497506950893466,-1.2635399007521964
vegetacion_densa,0.632250189781189,-0.1984550505876541,1.0,3.5662218464261275,-76.3893181634407,0.1941388750818592,-1.2337735011212725
contaminacion_alta_NO2,0.6905512809753418,-0.3190916180610657,1.0,3.589578043813224,-76.47807171351299,0.5408914569133111,-1.6475538582029285
ozono_anomalo,0.5920263528823853,-0.2715218663215637,0.4658203125,3.570803254375135,-76.3397311597566,-1.6567269218524634,-1.2907723777360827
vegetacion_densa,0.8313425779342651,-0.27918025851249695,1.0,3.5551725684314626,-76.59763747783101,1.8472847261706258,-2.180011238364829
vegetacion_densa,0.7874207496643066,-0.3728262782096863,1.0,3.450967995473647,-76.3444922307625,2.758496598655016,-0.04655722980173901
ozono_anomalo,0.6666561365127563,-0.19634155929088593,0.66796875,3.550591160482455,-76.6239581156561,2.0820525732783413,-1.1187442172275823
vegetacion_densa,0.7050838470458984,-0.1952206790447235,0.56298828125,3.6132037357855564,-76.63518705670775,1.016718393033162,-1.9824400095860342
ozono_anomalo,0.695007860660553,-0.3099786639213562,1.0,3.530828224231835,-76.4225558289536,-0.7290363795416034,-1.254117887113466
contaminacion_alta_NO2,0.6690101623535156,-0.23968029022216797,0.998046875,3.390062219210372,-76.36371617784293,2.009148634604317,1.2838367400090498
contaminacion_alta_NO2,0.34207648038864136,-0.03988916054368019,0.646240234375,3.5014533144411404,-76.51130937902589,-0.7814026433614073,0.6746982794307771
contaminacion_alta_NO2,0.7469542026519775,-0.3647291362285614,1.0,3.4593223276159546,-76.39318091916248,2.9375564911043064,0.8649550200970446
contaminacion_alta_NO2,0.32835933566093445,0.009287234395742416,0.911865234375,3.5345113168967233,-76.38815035357133,-1.575865020584702,0.07051487907316964
contaminacion_alta_NO2,0.6955019235610962,-0.35268545150756836,0.937255859375,3.577810113591264,-76.47358013709233,-1.7652697712619683,-0.4005762136173163
contaminacion_alta_NO2,0.6428747177124023,-0.2003830075263977,1.0,3.401201328733449,-76.48714469788273,1.593448727121128,1.0566902069541912
contaminacion_alta_NO2,0.6639100313186646,-0.28290820121765137,0.673583984375,3.5054957332196763,-76.57167616611959,0.12258866592068242,-0.5372934000499062
contaminacion_alta_NO2,0.5220383405685425,-0.2083320915699005,0.64892578125,3.4065013889097515,-76.30613416813004,0.13628719070540363,2.097314222848601
contaminacion_alta_NO2,0.3951532244682312,0.037530042231082916,0.910400390625,3.307057886957767,-76.42210667131154,0.8462784891776374,0.3940019316428024
contaminacion_alta_NO2,0.15282927453517914,0.1419455111026764,1.0,3.5853559619778643,-76.49271425264435,-1.8389505516322797,-0.3309353945446643
contaminacion_alta_NO2,0.6503616571426392,-0.18915599584579468,1.0,3.318107164952432,-76.34664818744442,0.8746627137518911,0.23925027838011922
contaminacion_alta_NO2,0.5047670602798462,-0.20790599286556244,0.58935546875,3.4347084888310913,-76.57113717694911,-2.4139523400469622,-1.8187792070119182
contaminacion_alta_NO2,0.691687285900116,-0.258551687002182,0.9990234375,3.4842954925144656,-76.42129818755582,2.6853730547346704,-0.08127137426713502
ozono_anomalo,0.6707366704940796,-0.23492662608623505,1.0,3.3903317137956077,-76.45750029350636,2.164854699912065,1.3594085868533718
vegetacion_densa,0.6345868110656738,-0.21123096346855164,1.0,3.515017875231339,-76.36191954727467,-0.30364542150562074,-1.8361781975710036
contaminacion_alta_NO2,0.2284562885761261,-0.22022029757499695,0.322021484375,3.4645325562638454,-76.63015649111661,-3.5920569836280363,-0.391322510550401
contaminacion_alta_NO2,0.43833768367767334,-0.09186295419931412,0.866943359375,3.3266411601515635,-76.44007297699419,1.3920817712619147,0.5585318039075443
contaminacion_alta_NO2,0.696900486946106,-0.2658066749572754,1.0,3.5191501255382867,-76.47977851255284,-1.8859253441894783,-0.07839862890567112
vegetacion_densa,0.6783522367477417,-0.20420238375663757,1.0,3.433989836603796,-76.55757261615871,-1.3498976856050209,-1.5867182162335922
ozono_anomalo,0.34039217233657837,0.006300495006144047,1.0,3.547896214630098,-76.50304487841187,-0.3992680750968258,-0.6491475116720752
ozono_anomalo,0.14197292923927307,0.13867813348770142,0.9375,3.5581370088690556,-76.38617405994624,-1.235636234042366,1.5968298582253881
vegetacion_densa,0.7415518760681152,-0.34906578063964844,1.0,3.61149693674573,-76.36254836797356,-0.3991524371819402,-2.8600483115902113
contaminacion_alta_NO2,0.7054632902145386,-0.27713653445243835,1.0,3.5272349630953586,-76.45390703236983,-0.04387728938912573,-0.1477195148607958
contaminacion_alta_NO2,0.5963281989097595,-0.2848964333534241,0.93701171875,3.4921108354863017,-76.45291888555728,-1.516821496522419,-2.2698948820356732
contaminacion_alta_NO2,0.6170252561569214,-0.24828891456127167,0.98779296875,3.427072808916079,-76.41420149681117,1.0941862563912255,1.7390996073059173
contaminacion_alta_NO2,0.6681503653526306,-0.28043484687805176,0.996337890625,3.4412661904051607,-76.33919217058612,2.7975025838447656,-0.0019214237200928105
contaminacion_alta_NO2,0.5285478830337524,-0.06745012104511261,1.0,3.380899403312357,-76.42462195410711,0.7051148648385444,1.043076937497656
ozono_anomalo,0.5285796523094177,-0.2584890127182007,0.9111328125,3.483756503343994,-76.62665306150849,0.08901244547963143,-1.6094034823654628
ozono_anomalo,0.3232614994049072,0.03877697139978409,0.787353515625,3.483936166400818,-76.44546286869898,-1.2192947226477229,-0.2025308876214132
vegetacion_densa,0.7819638848304749,-0.26454958319664,1.0,3.5850864673926286,-76.53682153309525,1.950384061147876,-1.3132727915531945
ozono_anomalo,0.4395955801010132,-0.05011975020170212,0.989990234375,3.528851930606773,-76.52298747771961,0.39957323769271774,0.5182011979676179
vegetacion_densa,0.6126667857170105,-0.1558578610420227,0.98095703125,3.327180149322035,-76.43701870502814,2.0275728252342984,1.6876203594517813
ozono_anomalo,0.41662725806236267,-0.21692223846912384,0.578125,3.617425817620916,-76.44851714066503,-0.8933717178634457,1.0852340650410486
vegetacion_densa,0.8511541485786438,-0.3323180675506592,1.0,3.572510053414961,-76.58065931896091,2.6699999977045232,-3.019777220146055
ozono_anomalo,0.20634618401527405,0.05108556151390076,0.73974609375,3.49579392815119,-76.49855330199121,0.01248717474306738,3.0729613286966453
ozono_anomalo,0.5897021293640137,-0.21793010830879211,0.4267578125,3.3715569243575185,-76.42920336205619,-0.721691164497749,-1.1700864449475297
contaminacion_alta_SO2,0.6667413115501404,-0.1003020852804184,1.0,3.313166430889777,-76.52810787483916,-0.5219658056594775,-0.9694052123355553
vegetacion_densa,0.7545005679130554,-0.2328093945980072,0.71337890625,3.3137054200602485,-76.51319584112257,-0.9859781408614341,-0.9008314820418204
ozono_anomalo,0.40529030561447144,-0.07940332591533661,0.7744140625,3.463903735564962,-76.55856076297125,-0.8543274049092898,-0.1519215904927378
contaminacion_alta_SO2,0.668830394744873,-0.24151821434497833,1.0,3.584727141278981,-76.4415102814488,1.6605091873024778,-1.306227695722367
ozono_anomalo,0.3035123348236084,-0.015262555330991745,1.0,3.6112274421604944,-76.41680661113516,-0.9190746437349514,1.3794249129334653
vegetacion_densa,0.6851666569709778,-0.19045798480510712,0.97900390625,3.3554770807717866,-76.5120280312532,-1.680965703414842,1.133526605273867
ozono_anomalo,0.595332145690918,-0.12286023795604706,1.0,3.6114071052173182,-76.32904120787542,1.2918003508937281,-1.112220314391997
vegetacion_densa,0.8044618368148804,-0.369571328163147,1.0,3.3326598725551615,-76.45345787472776,2.0292362081703805,1.061344194719761
vegetacion_densa,0.6536692976951599,-0.21899348497390747,0.90283203125,3.531636707987542,-76.39120462553738,-0.893704158475567,0.13175041485308964
ozono_anomalo,0.5459706783294678,-0.18348132073879242,0.708984375,3.5952374301031744,-76.35374487818906,-0.9230903105192265,-1.3096438646525057
vegetacion_densa,0.7324097752571106,-0.28918659687042236,1.0,3.4516866477009422,-76.37629259182079,2.5123093547285857,0.23844977738768658
vegetacion_densa,0.6676527261734009,-0.22841238975524902,0.9443359375,3.343978645135062,-76.34458206229091,1.8700840977376083,0.5031444659113954
vegetacion_densa,0.6769614815711975,-0.1530047506093979,1.0,3.3068782239009433,-76.51876539588419,-0.7778670930422025,-2.0559868263644248
vegetacion_densa,0.6077247262001038,-0.19903159141540527,0.8056640625,3.41584386786459,-76.59188826001257,-1.8771918586521326,-1.6316434723421078
vegetacion_densa,0.6155555248260498,-0.2485472857952118,0.568359375,3.4975007271910163,-76.38033501059938,1.1722973946489759,-0.43622482076176444
ozono_anomalo,0.7110916376113892,-0.20819973945617676,0.903076171875,3.606825697268311,-76.61236984849079,1.4067532802437053,-0.8915537734634806
vegetacion_densa,0.6439105272293091,-0.30407610535621643,0.396728515625,3.5130415816062768,-76.36793825967835,-0.40438890846040615,-1.4687188782931972
ozono_anomalo,0.28692862391471863,-0.004156423732638359,1.0,3.5630777429317106,-76.45282905402887,0.1775654807845565,-0.5798894348343405
contaminacion_alta_SO2,0.4819824695587158,-8.558481931686401e-05,1.0,3.3338276824245163,-76.50088892172995,-1.165833032356545,0.09131679093592762
vegetacion_densa,0.6995101571083069,-0.2331957221031189,1.0,3.3437989820782383,-76.37350781443998,1.4104396000058,1.120832732232274
vegetacion_densa,0.6415203213691711,-0.18185564875602722,0.99951171875,3.3956317739719104,-76.34610919827394,1.578258511421978,1.060077415724022
vegetacion_densa,0.6090729832649231,-0.27156856656074524,0.52001953125,3.3234970566571467,-76.4680105823307,1.407539905813054,-0.5536505247486587
vegetacion_densa,0.7486226558685303,-0.34757280349731445,0.58544921875,3.6002679956942414,-76.63339042613948,-0.3517433261143302,-0.6275390231071433
vegetacion_densa,0.6305736303329468,-0.23367823660373688,0.77197265625,3.3264614970947397,-76.57338296515944,-2.2580619521598586,-1.9702973239108876
ozono_anomalo,0.702005922794342,-0.30008363723754883,0.91064453125,3.470910594781091,-76.32095637031823,0.20836981561728873,-0.5868904160888502
contaminacion_alta_SO2,0.7391417026519775,-0.20142574608325958,1.0,3.521755239862232,-76.6348277305941,1.9816748263296604,-1.819951644605427
vegetacion_densa,0.7807735204696655,-0.3455507457256317,0.99658203125,3.576821966778733,-76.46306984826798,-0.40966403428934295,0.16288319352500838
ozono_anomalo,0.6201677918434143,-0.30207425355911255,0.5146484375,3.4824090304178155,-76.31709361459646,0.977820620503492,1.0386838517946693
ozono_anomalo,0.7776570320129395,-0.36796602606773376,1.0,3.5401707031866736,-76.32490895756841,1.4633411233692757,-2.0168486732598727
ozono_anomalo,0.29769423604011536,0.06234942376613617,0.47607421875,3.547806383101686,-76.54023513117495,-0.8765421514065703,0.6317327184032117
vegetacion_densa,0.6406298875808716,-0.19329984486103058,0.9951171875,3.3747908593803473,-76.58200679188711,-1.0167044265941305,-0.8607730171419126
vegetacion_densa,0.7908165454864502,-0.35920900106430054,1.0,3.6033222676602463,-76.40342171340158,-0.2722066501563861,-0.3139945369481835
vegetacion_densa,0.6140321493148804,-0.17270366847515106,0.93115234375,3.350177020595484,-76.51418398793511,-1.2083763065374804,0.08833892555733204
vegetacion_densa,0.7516406178474426,-0.36965036392211914,0.51318359375,3.4515968161725303,-76.37862821155953,0.8031639565803174,0.05346918994122043
contaminacion_alta_SO2,0.667056679725647,-0.2497863471508026,1.0,3.5960459138588816,-76.45139174957426,1.6527765903673488,-1.2970662164518527
vegetacion_densa,0.6057266592979431,-0.258780300617218,0.4208984375,3.4724377307640935,-76.37153152081488,1.0990666981112716,-0.3952542314579575
vegetacion_densa,0.6726537942886353,-0.2836911380290985,0.9560546875,3.608622327836549,-76.61596310962732,1.9989965703817494,-2.6096886963696257
contaminacion_alta_SO2,0.4784228503704071,-0.12236012518405914,0.90234375,3.3547584285444914,-76.51687893378751,-3.110315214804759,0.6185594504095576
contaminacion_alta_SO2,0.6432560682296753,-0.2528894543647766,0.9931640625,3.5351401375956066,-76.381772315054,-2.0442996532257585,-0.11815846011636691
ozono_anomalo,0.5325766801834106,-0.10625111311674118,1.0,3.604669740586425,-76.46109355464289,-0.3091335354277452,-1.4110532155751396
vegetacion_densa,0.6774904131889343,-0.25709211826324463,0.98046875,3.5832898368243904,-76.42228633436837,-0.9100102172475009,-0.5202542650833893
ozono_anomalo,0.44872355461120605,-0.07142932713031769,0.842529296875,3.5872424240745144,-76.41545913820896,-1.4955621474605103,-0.9777248776516713
ozono_anomalo,0.5727260112762451,-0.14240393042564392,1.0,3.368951810033573,-76.56844223109671,-1.3667654115625276,-1.5649447364875255
ozono_anomalo,0.5443956851959229,-0.1677408516407013,0.79541015625,3.382875696937419,-76.39857081086727,1.5305749392221666,1.8520309892147988
vegetacion_densa,0.6272503137588501,-0.2373097687959671,0.951904296875,3.400931834148213,-76.32463946298317,0.41740968258695427,0.5899488008354655
vegetacion_densa,0.6604577898979187,-0.2819576859474182,0.626953125,3.3713772613006947,-76.36407550395658,0.10918572174711678,0.21768436218833478
ozono_anomalo,0.6161502003669739,-0.14047124981880188,1.0,3.3897927246251363,-76.37799939086064,2.917950473914947,1.1907478749168452
ozono_anomalo,0.31607645750045776,0.08117344975471497,1.0,3.580684722500445,-76.35239740526286,-1.5148964829368847,-0.39305232220650155
contaminacion_alta_SO2,0.13497114181518555,0.1364404410123825,1.0,3.440906864291513,-76.50079909020154,-4.065605943531646,1.8167477207409672
ozono_anomalo,0.3798920214176178,-0.011746284551918507,0.923828125,3.463903735564962,-76.57302363904579,-0.9074249353273236,0.01901430042137685
ozono_anomalo,0.46965575218200684,-0.14996811747550964,0.39599609375,3.4533036152123566,-76.6090460819395,-1.0047263283853531,-2.9969769252645824
vegetacion_densa,0.699063777923584,-0.2808724045753479,0.8935546875,3.612844409671909,-76.31799192988059,-0.8441210614547479,0.26531752656697977
ozono_anomalo,0.7875627875328064,-0.3064579963684082,1.0,3.54987250825516,-76.57913218297789,-0.47406081600908206,-2.5418154299922167
ozono_anomalo,0.6585611701011658,-0.24130141735076904,1.0,3.5821220269550356,-76.34323458936471,0.28925617840488044,-2.1675890229446217
vegetacion_densa,0.7134463787078857,-0.33713728189468384,0.9990234375,3.588859391585929,-76.40333188187317,-1.3569930755036386,-0.1253813048079926
ozono_anomalo,0.6396580934524536,-0.22837038338184357,0.9892578125,3.495883759679602,-76.36461449312706,1.844216731151383,1.5622514537930634
ozono_anomalo,0.6510046720504761,-0.22958087921142578,0.301513671875,3.5302892350613635,-76.52298747771961,0.280999612593842,-0.8964939900884897
ozono_anomalo,0.5729326009750366,-0.1407938450574875,0.80517578125,3.3508956728227792,-76.52002303728197,-1.6874373610611224,-0.6098585521249449
ozono_anomalo,0.5332199931144714,-0.160971999168396,1.0,3.4614782842978404,-76.38437742937798,1.8138855741276896,0.2543972486372217
vegetacion_densa,0.612642228603363,-0.2611715495586395,0.84423828125,3.484834481684937,-76.43594072668718,0.7981985754608594,2.4354642935039843
ozono_anomalo,0.6182785034179688,-0.17316249012947083,1.0,3.4953447705091305,-76.34080913809755,1.5371291267672167,1.954064016631496
vegetacion_densa,0.6070098876953125,-0.1503341943025589,1.0,3.3605974778912655,-76.3343412680518,1.7159255384648588,0.5427883010697947
vegetacion_densa,0.7732075452804565,-0.39990234375,1.0,3.491751509372654,-76.45157141263108,1.6319312035260765,-0.28982987467223664
ozono_anomalo,0.4558703601360321,-0.055615805089473724,0.7880859375,3.425994830575136,-76.35913476989386,-0.9101072053916722,-0.63095264889684
ozono_anomalo,0.5022865533828735,-0.08423276990652084,0.8623046875,3.381887550124888,-76.30460703214702,2.1627019281542976,1.3513487602102487
ozono_anomalo,0.5990720987319946,-0.19742579758167267,0.80712890625,3.6063765396262513,-76.34080913809755,-0.47881219589194685,-0.8052858226605141
contaminacion_alta_SO2,0.691801905632019,-0.14840544760227203,1.0,3.5920034950803457,-76.53897748977717,1.9765542631111714,-2.0184488906462548
contaminacion_alta_SO2,0.3714871108531952,-0.0862191766500473,0.830322265625,3.36410090749933,-76.43845600948275,0.6247178756761494,1.186165533610155
vegetacion_densa,0.6484647989273071,-0.26499438285827637,0.6923828125,3.4306660700525553,-76.32392081075587,1.3143345307108123,1.0875550941488403
vegetacion_densa,0.6787753701210022,-0.24947908520698547,0.7958984375,3.31002232739536,-76.55604548017568,-2.1112736975758706,-1.980186760236119
vegetacion_densa,0.6582677364349365,-0.24385343492031097,0.9853515625,3.382246876238536,-76.59898495075721,-0.29528575037108445,-0.6475854171025311
vegetacion_densa,0.6547254323959351,-0.19447170197963715,0.994140625,3.5441232904367976,-76.41384217069752,-0.8091624510238352,0.741239409492886
vegetacion_densa,0.6687887907028198,-0.28754860162734985,0.96484375,3.303105299707643,-76.36677044980898,1.5792661905107597,0.45859031474234946
contaminacion_alta_SO2,0.7043478488922119,-0.3045123219490051,1.0,3.437762760797096,-76.38141298894034,2.26875780128882,1.260892556990527
vegetacion_densa,0.6843451261520386,-0.35279303789138794,0.958984375,3.393116491176377,-76.35958392753592,1.6797362791242962,0.21815770867234868
ozono_anomalo,0.48324328660964966,-0.06188351660966873,1.0,3.4502493432463517,-76.45049343429012,0.8173272081502532,2.4866208676269244
ozono_anomalo,0.45429182052612305,-0.16638658940792084,0.8330078125,3.343170161379355,-76.63383958378155,-0.8124583164514685,-2.9505391625415043
ozono_anomalo,0.5274330377578735,-0.09606050699949265,1.0,3.338139595788288,-76.46854957150119,2.102390387571996,0.6135589508894811
vegetacion_densa,0.7237929105758667,-0.27231812477111816,1.0,3.3962605946707938,-76.368297585792,1.6351370591422523,1.1581694186618265
vegetacion_densa,0.7699260711669922,-0.39923131465911865,0.9345703125,3.465969860718436,-76.42605925856172,3.0497362745809222,-0.37665430560307506
ozono_anomalo,0.4305139183998108,-0.10183723270893097,0.97900390625,3.6009866479215367,-76.30873928245403,-1.226463072620903,-0.6038717770582028
vegetacion_densa,0.7772582769393921,-0.32681068778038025,0.8798828125,3.56352690057377,-76.32922087093225,-0.7618220639964777,0.3816954135973596
ozono_anomalo,0.44180387258529663,-0.12300608307123184,0.980224609375,3.5082805106004455,-76.48750402399638,-3.501992232320552,-2.668934722936227
vegetacion_densa,0.7012791633605957,-0.3270229697227478,0.89208984375,3.5810440486140926,-76.37305865679791,-0.20341381814371226,-0.459299448818126
ozono_anomalo,0.5879204273223877,-0.15945866703987122,1.0,3.5743066839831994,-76.33470059416545,0.6518633099257835,-1.3019487234435612
vegetacion_densa,0.7260630130767822,-0.306617796421051,1.0,3.4616579473546643,-76.37081286858758,1.2857842001915147,0.24075433049053305
ozono_anomalo,0.7514163255691528,-0.33247020840644836,1.0,3.6131139042571445,-76.4340542645905,-0.5818324379233786,-0.7571258157406152
vegetacion_densa,0.8019234538078308,-0.40511584281921387,1.0,3.462107104996724,-76.38554523924735,1.395026117043499,1.8946894677313306
contaminacion_alta_SO2,0.4239949882030487,0.01730394922196865,0.9873046875,3.311369800321539,-76.49522953543992,1.9135556040697752,1.664414871411178
ozono_anomalo,0.7419125437736511,-0.38533684611320496,1.0,3.582750847653919,-76.46558513106355,0.08573350247054093,0.4786258907444043
contaminacion_alta_SO2,0.4857969284057617,-0.19674436748027802,0.634765625,3.5013634829127285,-76.60662063067234,0.6396629179494409,-2.3418018927929
ozono_anomalo,0.39717501401901245,-0.08387290686368942,0.95947265625,3.540889355413969,-76.4740292947344,-1.2698787007197132,0.6057110262185786
ozono_anomalo,0.5741540193557739,-0.2010735124349594,1.0,3.4732462145198006,-76.44654084703994,2.377551897324513,2.330533046878294
vegetacion_densa,0.7194038033485413,-0.3201541304588318,0.384521484375,3.316310534384194,-76.33272430054036,1.4659524950807077,2.05977452933505
vegetacion_densa,0.6745190620422363,-0.1983237862586975,0.892333984375,3.372904397283697,-76.58227628647235,-0.37086162906369674,-1.5838090133530762
ozono_anomalo,0.7383432388305664,-0.3360528349876404,1.0,3.644465107672901,-76.39866064239568,1.2516721765629772,-1.5897741819959077
ozono_anomalo,0.6469305753707886,-0.22436761856079102,0.990234375,3.570713422846723,-76.61488513128636,-0.9121234630059437,-2.058017245768864
ozono_anomalo,0.15296326577663422,0.12736468017101288,1.0,3.4415356849903964,-76.50520083509379,-2.1329429345743325,0.8842742556375575
ozono_anomalo,0.5300086736679077,-0.2248648703098297,0.833984375,3.437133940098213,-76.30972742926657,0.6512711183084497,0.1257655170181433
ozono_anomalo,0.5945798754692078,-0.16011136770248413,1.0,3.325293687225385,-76.36156022116101,0.14141204069841276,1.1356222270098195
ozono_anomalo,0.8057906031608582,-0.33035701513290405,1.0,3.3208021108047894,-76.63878031784428,0.6087177470921252,-2.184475411058374
ozono_anomalo,0.2090940773487091,0.001290472224354744,0.63671875,3.438750907609627,-76.47654457752996,-0.526443248908673,2.7276531536685824
ozono_anomalo,0.6371651887893677,-0.19616098701953888,1.0,3.5703540967330754,-76.39030631025325,0.8890285621912765,-1.2444190787755804
contaminacion_alta_SO2,0.6606639623641968,-0.3161317706108093,0.943359375,3.544572448078857,-76.57284397598896,-0.3534432705358902,-0.9232376493069958
vegetacion_densa,0.7237479090690613,-0.2528422474861145,0.875,3.6029629415465987,-76.59862562464356,1.7130190651761468,-0.3055114225582142
vegetacion_densa,0.6068400144577026,-0.27938082814216614,0.71240234375,3.362124613874268,-76.58892381957493,-1.6053836992699522,-1.9736215982886538
contaminacion_alta_SO2,0.748557448387146,-0.2528325319290161,1.0,3.5469978993459788,-76.57428128044357,2.1888946444803477,-2.22087314072678
ozono_anomalo,0.49227648973464966,-0.2215883433818817,0.3466796875,3.5019024720832,-76.59431371127972,-0.5688709844005054,-3.1492563862874996
contaminacion_alta_SO2,0.613058865070343,-0.18541651964187622,0.984375,3.371916250471166,-76.35724830779718,0.5457629309304917,1.439229820992929
vegetacion_densa,0.6176388263702393,-0.28498512506484985,0.994140625,3.424827020705781,-76.35230757373445,2.6910471429939458,-0.5892427886988273
ozono_anomalo,0.8478259444236755,-0.2968055009841919,1.0,3.3437091505498264,-76.62045468604798,1.4785447823946034,-2.5276461129052294
ozono_anomalo,0.4606451690196991,-0.10630670189857483,0.70751953125,3.38808592558531,-76.57257448140372,-2.1112616626377396,-0.6577663312611682
vegetacion_densa,0.6271640062332153,-0.3196702301502228,0.996826171875,3.5303790665897754,-76.45633248363698,-0.29647528718128463,-0.2492750016598476
vegetacion_densa,0.726820707321167,-0.3203073740005493,1.0,3.49390746605454,-76.43701870502814,1.3174382157531286,1.6950484235757273
contaminacion_alta_SO2,0.810782790184021,-0.33003750443458557,1.0,3.3287971168334494,-76.60069174979706,1.491877600241393,-2.6402477026606754
contaminacion_alta_SO2,0.7737832069396973,-0.3519090414047241,1.0,3.5344214853683114,-76.40836244746431,1.8264031693942062,-1.3526844779055742
ozono_anomalo,0.7794074416160583,-0.25273653864860535,1.0,3.4973210641341925,-76.61731058255351,1.3061037354360852,-2.231783603727732
vegetacion_densa,0.7352893352508545,-0.18367674946784973,1.0,3.6059273819841917,-76.62243097967307,2.1840729382491335,-2.2376161850066025
ozono_anomalo,0.586332380771637,-0.13436928391456604,0.9609375,3.470012279496972,-76.32984969163114,1.5015789278871357,1.844860289506523
ozono_anomalo,0.6080875396728516,-0.25395500659942627,0.87451171875,3.531906202572778,-76.47726322975727,0.5484451549525816,-1.9125880877120462
vegetacion_densa,0.7701926827430725,-0.23200909793376923,1.0,3.597573049841884,-76.61443597364429,2.0679319519637263,-2.464116139862769
vegetacion_densa,0.6023198366165161,-0.23198933899402618,1.0,3.5210365876349368,-76.38231130422447,-1.2779856933801594,0.2725017816451926
contaminacion_alta_SO2,0.4659385085105896,-0.21467487514019012,0.467041015625,3.4616579473546643,-76.39461822361709,-0.38331626161126553,1.669592252738014
vegetacion_densa,0.6930019855499268,-0.28029730916023254,1.0,3.402908127773275,-76.63608537199188,-2.7814449358721913,-1.2869413035695667
vegetacion_densa,0.6658825874328613,-0.24898523092269897,1.0,3.5110652879812148,-76.42623892161855,-2.181870648622405,0.22782315540596634
ozono_anomalo,0.5124782919883728,-0.113951675593853,1.0,3.321969920674144,-76.47492761001853,2.228796469549229,0.48640047102062767
ozono_anomalo,0.4390363097190857,-0.20660191774368286,0.82421875,3.477737790940396,-76.35455336194478,0.556572077531288,1.4869540326567314
vegetacion_densa,0.6684271097183228,-0.16206330060958862,1.0,3.4272524719729027,-76.44663067856835,0.2915125242493822,1.0819394014458403
ozono_anomalo,0.36113256216049194,0.05333157256245613,1.0,3.3887147462841933,-76.30505618978908,1.5915518536012467,2.149897409886845
vegetacion_densa,0.6392134428024292,-0.0840044915676117,0.87744140625,3.508819499770917,-76.32598693590937,-0.6399315460392118,-1.1206666730440724
ozono_anomalo,0.647760272026062,-0.19253146648406982,1.0,3.324036045827618,-76.4957685246104,2.5187763471974116,-0.3018200544077367
contaminacion_alta_SO2,0.7830978631973267,-0.3698529005050659,1.0,3.446835745166699,-76.37225017304219,3.04947578915735,1.4203948571993266
vegetacion_densa,0.7900252938270569,-0.2794017493724823,1.0,3.3164901974410177,-76.55451834419266,-0.656951609344137,-0.5759651398483384
ozono_anomalo,0.631497859954834,-0.29552555084228516,0.955810546875,3.5871525925461025,-76.47313097945026,-2.806445737089481,-2.863632043614962
contaminacion_alta_SO2,0.5544124245643616,-0.07585476338863373,1.0,3.4135980796542924,-76.38922833191229,4.401803595160605,1.7655095040690554
ozono_anomalo,0.5074794292449951,-0.12141375243663788,1.0,3.463903735564962,-76.35428386735954,2.175604648999931,2.5541813744108985
ozono_anomalo,0.5821536779403687,-0.16956540942192078,1.0,3.3078663707134743,-76.49352273640007,2.7521164421301987,0.40239388867716
ozono_anomalo,0.6134610772132874,-0.148136705160141,1.0,3.34011588941335,-76.55245221903915,0.26501920794161243,-0.1609236961202984
vegetacion_densa,0.7586053609848022,-0.22622768580913544,1.0,3.643746455445606,-76.62827002901993,2.2995884433974934,-2.3135016329343094
vegetacion_densa,0.7137130498886108,-0.29638880491256714,0.60986328125,3.6118562628593778,-76.59368489058083,0.8374070855192131,-3.033692100752033
vegetacion_densa,0.7741650342941284,-0.36145228147506714,1.0,3.4915718463158303,-76.37081286858758,2.0362284065147094,-0.2779038266465579
vegetacion_densa,0.6194888353347778,-0.1987597644329071,0.94775390625,3.603771425302306,-76.64336172579335,-0.3224141522594912,-1.331765251774884
vegetacion_densa,0.7179883718490601,-0.36691635847091675,0.9921875,3.598651028182827,-76.39758266405472,0.1795377079750082,-2.9288170007866294
vegetacion_densa,0.6323416233062744,-0.28664717078208923,0.769775390625,3.57951691263109,-76.4407916292215,-1.6588556605062426,-2.0111608989797465
ozono_anomalo,0.4244096875190735,-0.2966167628765106,0.958984375,3.3945537956309675,-76.63132430098598,-0.05644569915656491,-1.932007172115962
ozono_anomalo,0.6810959577560425,-0.1879802644252777,0.85400390625,3.6111376106320825,-76.52586208662883,2.149138097469428,0.09230041466089975
vegetacion_densa,0.6037194132804871,-0.3340555429458618,0.51806640625,3.459951148314838,-76.42543043786283,0.8725183781900782,2.071993861677361
vegetacion_densa,0.6604670882225037,-0.3166031241416931,0.77783203125,3.4674071651730265,-76.36811792273518,1.924737787728262,0.3532510282981618
ozono_anomalo,0.5868030786514282,-0.22914135456085205,0.594482421875,3.3494583683681887,-76.48364126827461,2.380059171067827,0.15107045614799908
ozono_anomalo,0.6316136121749878,-0.1825006604194641,1.0,3.4334508474333245,-76.4394441562953,1.7307672040126119,0.8400994603071674
ozono_anomalo,0.378192275762558,-0.14525412023067474,0.39453125,3.3494583683681887,-76.57014903013656,-1.0301647042178042,-0.2770421187350994
vegetacion_densa,0.6677614450454712,-0.09564968943595886,1.0,3.5912848428530504,-76.50466184592331,0.14763699785740658,-1.1132001739100643
vegetacion_densa,0.7814270257949829,-0.3580036461353302,0.947265625,3.5991001858248866,-76.36335685172928,-0.3209874723729087,0.28074087173060225
vegetacion_densa,0.7596700191497803,-0.37993690371513367,1.0,3.451866310757766,-76.32841238717653,1.5885562392168566,-0.13107769265542138
vegetacion_densa,0.7050764560699463,-0.262776255607605,1.0,3.46381390403655,-76.64102610605461,-0.2013839465949567,-2.686452298407852
ozono_anomalo,0.5816948413848877,-0.16418761014938354,0.9951171875,3.542685985982207,-76.32868188176177,-1.1414510169658056,-0.14181533559459114
vegetacion_densa,0.6648960113525391,-0.30201125144958496,0.93359375,3.47180891006521,-76.6430023996797,-0.48184956412405433,-0.5626882639019373
contaminacion_alta_SO2,0.6727405786514282,-0.2615499496459961,1.0,3.3754196800792307,-76.62027502299115,-0.25164515452582076,-0.7343145430684946
vegetacion_densa,0.7330156564712524,-0.3391852378845215,1.0,3.32412587735603,-76.43549156904511,2.025828671913016,0.8946246047221291
vegetacion_densa,0.6375146508216858,-0.2575259208679199,0.8154296875,3.4274321350297265,-76.4503137712333,1.3475924048023393,2.4604617173664485
contaminacion_alta_SO2,0.7432662844657898,-0.3024698793888092,1.0,3.418987971359007,-76.39246226693517,5.035133239871773,1.0856912954078344
contaminacion_alta_SO2,0.41752052307128906,-0.0550425723195076,0.879150390625,3.405153915983573,-76.39587586501487,1.6448936696510492,1.2490149800629076
vegetacion_densa,0.6635667681694031,-0.21600234508514404,1.0,3.3277191384925064,-76.31341052193152,2.2839274424232827,1.5306265188708186
vegetacion_densa,0.7209689617156982,-0.26788586378097534,1.0,3.6023341208477153,-76.3947080551455,0.373842332208752,-1.1445789567734581
contaminacion_alta_SO2,0.6040408611297607,-0.23606692254543304,1.0,3.467766491286674,-76.39443856056026,2.531721773554422,0.9178870887697017
vegetacion_densa,0.6586840152740479,-0.25306475162506104,0.60205078125,3.444140799314342,-76.43414409611891,0.8890255460019819,0.021561865287371147
ozono_anomalo,0.7246420979499817,-0.36003464460372925,1.0,3.614461377183323,-76.40863194204955,0.15354620744996586,-1.1219733524695592
vegetacion_densa,0.7135173678398132,-0.24354568123817444,1.0,3.491931172429478,-76.61677159338304,0.41524015357036115,-1.6796781659235869
vegetacion_densa,0.8696318864822388,-0.3262237012386322,0.797119140625,3.549782676726748,-76.59844596158673,2.1675039678937984,-3.093834842701487
vegetacion_densa,0.7586174011230469,-0.33391082286834717,0.9912109375,3.500644830685433,-76.6361752035203,1.7210110066373365,-2.2674152456231753
ozono_anomalo,0.3344118297100067,-0.16694456338882446,0.33984375,3.4914820147874184,-76.56170486646572,-0.9880627172061743,-0.5326478151220642
vegetacion_densa,0.7390602827072144,-0.24642379581928253,0.888671875,3.5973035552566484,-76.63967863312841,1.376558524317825,-1.6082518126793173
vegetacion_densa,0.6258517503738403,-0.15437333285808563,1.0,3.335983639106402,-76.54912845248786,-1.2801849158097958,0.1596089443027945
ozono_anomalo,0.7265219688415527,-0.3291871249675751,1.0,3.3166698604978415,-76.45884776643256,2.6922315193077475,0.48451487709880114
ozono_anomalo,0.6653083562850952,-0.23256400227546692,0.955810546875,3.4625562626387834,-76.59664933101847,-0.2703103627387133,-3.748903866480745
vegetacion_densa,0.7480840682983398,-0.18236565589904785,1.0,3.470730931724267,-76.53565372322588,-0.9243593277168152,-1.2579838369708023
vegetacion_densa,0.702086329460144,-0.17184774577617645,1.0,3.57574398843779,-76.62934800736089,1.8149693783794367,-2.132959484711689
contaminacion_alta_SO2,0.7182161808013916,-0.2276577651500702,1.0,3.3118189579635984,-76.55802177380077,1.1946068759485848,-2.101492441287408
ozono_anomalo,0.217871755361557,0.11804309487342834,1.0,3.5909255167394027,-76.49280408417276,-1.8469165223024373,0.745087430107273
ozono_anomalo,0.6715735793113708,-0.1616637110710144,0.986572265625,3.350177020595484,-76.51292634653733,-1.8285822896154305,-0.03836660098157328
vegetacion_densa,0.6151847839355469,-0.20317509770393372,0.9833984375,3.401201328733449,-76.4130336869418,0.7562471420854174,-0.30432338780733653
vegetacion_densa,0.7815160751342773,-0.2220359444618225,1.0,3.4566273817635973,-76.60446467399042,-1.0103984055534192,-1.427980643148535
vegetacion_densa,0.677592396736145,-0.25594907999038696,0.904541015625,3.528762099078361,-76.60212905425168,1.0931712749475124,-0.6244018217494826
contaminacion_alta_SO2,0.34849563241004944,0.06867624819278717,1.0,3.5692761183921324,-76.43836617795434,0.6784922601514094,-0.22805570234976028
vegetacion_densa,0.6345642805099487,-0.07000062614679337,1.0,3.503968597236674,-76.4014454197765,-0.28420224283498374,-0.2929881419391401
vegetacion_densa,0.7447656989097595,-0.34646424651145935,1.0,3.608712159364961,-76.46845973997277,-0.48610896559459904,-0.11115729747960736
ozono_anomalo,0.33894628286361694,0.009279660880565643,0.9951171875,3.363022929158387,-76.46360883743846,1.7422685862399565,0.793396076225553
vegetacion_densa,0.6965844631195068,-0.19642063975334167,0.684326171875,3.5580471773406437,-76.63357008919631,0.31386213968174415,-0.6917947817003162
ozono_anomalo,0.5086932182312012,-0.05708780139684677,1.0,3.3857503058466003,-76.56448964384653,0.5123553917721527,-1.265534048949664
vegetacion_densa,0.6904226541519165,-0.3025297522544861,0.9296875,3.5531962748064005,-76.58074915048932,-0.42958497943505514,-1.956699640205822
ozono_anomalo,0.47428029775619507,0.08105860650539398,1.0,3.3096630012817125,-76.53044349457791,-1.237799810841636,1.0520352268724587
vegetacion_densa,0.74474036693573,-0.3245363235473633,1.0,3.372185745056402,-76.46405799508052,3.2026743247037306,0.9817729893027778
vegetacion_densa,0.6712160110473633,-0.19726726412773132,0.947265625,3.3258326763958563,-76.53888765824875,-2.1825841570020423,-0.12884839223237243
vegetacion_densa,0.6156933903694153,-0.3026973009109497,0.6904296875,3.4823191988894036,-76.33883284447246,1.165606916314886,-0.43737855978360385
ozono_anomalo,0.40888869762420654,-0.021023442968726158,1.0,3.588769560057517,-76.49765498670708,-1.7005619849385976,1.176711402175419
vegetacion_densa,0.7349846363067627,-0.3829677402973175,0.9990234375,3.493817634526128,-76.38204180963923,1.4157184684900594,0.7328308912061802
ozono_anomalo,0.6956812739372253,-0.27530163526535034,0.68505859375,3.4683953119855575,-76.35212791067762,1.738912207367649,0.788477058176211
ozono_anomalo,0.523148238658905,-0.22940796613693237,0.8564453125,3.5274146261521824,-76.61344782683175,-0.578214932646258,-1.2350734407732566
ozono_anomalo,0.11961570382118225,0.002169668674468994,0.346923828125,3.388265588642134,-76.55218272445391,-2.9508318862947767,1.4029933412653595
contaminacion_alta_SO2,0.5832222700119019,-0.16746452450752258,0.97412109375,3.310201990452184,-76.5045720143949,-2.6618179667895516,0.26756677534570905
vegetacion_densa,0.8322241306304932,-0.328615665435791,1.0,3.3148732299296033,-76.55874042602808,1.1993778417480716,-2.94236093138763
ozono_anomalo,0.6252772808074951,-0.24287661910057068,1.0,3.4166523516202973,-76.31323085887469,1.3497476342832546,2.613876998170028
vegetacion_densa,0.833267092704773,-0.3657458424568176,1.0,3.5381944095616116,-76.55649463781775,2.6557345988080647,-2.8940456521055613
ozono_anomalo,0.37822920083999634,-0.33771592378616333,0.693359375,3.3234970566571467,-76.60751894595647,-0.21757761375065124,-1.9755319814305796
contaminacion_alta_SO2,0.819010853767395,-0.37393736839294434,1.0,3.5456504264198,-76.55811160532919,2.39843576473804,-2.3390800498628046
contaminacion_alta_SO2,0.6684378385543823,-0.2150597870349884,1.0,3.516724674271165,-76.6063511360871,2.1329458305201485,-0.8311346090287718
ozono_anomalo,0.657381534576416,-0.2199268639087677,1.0,3.5572386935849365,-76.3391023390577,0.9362910362637484,-1.6609226264689778
ozono_anomalo,0.6785598993301392,-0.27499037981033325,0.856689453125,3.538913061788907,-76.34673801897283,-3.6634460271939244,-1.1964853638948896
vegetacion_densa,0.733736515045166,-0.4232167601585388,0.99755859375,3.558675998039527,-76.48112598547904,-0.11045540570591879,-0.36593222065150294
ozono_anomalo,0.4026815891265869,-0.2132367491722107,0.3330078125,3.3378701012030523,-76.60787827207012,-2.052269838588155,-1.2503797116174513
ozono_anomalo,0.28941610455513,0.03342295438051224,0.7490234375,3.4574358655193045,-76.33784469765992,0.5581799613632783,2.736297315793952
vegetacion_densa,0.7844822406768799,-0.43301981687545776,0.82373046875,3.482768356531463,-76.40432002868572,1.4857145709116215,-0.5052292256108474
ozono_anomalo,0.7987985014915466,-0.37301376461982727,1.0,3.341193867754293,-76.38940799496912,2.0845710682316416,0.04803421051788307
contaminacion_alta_SO2,0.5941065549850464,-0.06503891944885254,1.0,3.3239462142992062,-76.52038236339563,-0.6782562834721759,-0.7853977240315357
vegetacion_densa,0.6655418276786804,-0.13499514758586884,1.0,3.5414283445844403,-76.43126948720969,-1.3383312926552868,-1.8480584762213894
ozono_anomalo,0.4806637167930603,-0.0315413773059845,0.99755859375,3.533613001612604,-76.51355516723622,-0.7552156602977261,1.1783307816861293
ozono_anomalo,0.3782494366168976,-0.011191753670573235,0.763671875,3.555711557601934,-76.31448850027247,-1.5413960145273347,0.6479635868089499
vegetacion_densa,0.6482477188110352,-0.3175678253173828,0.32763671875,3.604849403643249,-76.33389211040974,-1.0914727667459307,-2.6617378092225366
ozono_anomalo,0.5775855183601379,-0.1642669439315796,1.0,3.306159571673648,-76.40674547995287,1.5837070057353597,1.7436366960522682
contaminacion_alta_SO2,0.5792961120605469,-0.268969863653183,0.699462890625,3.461747778883076,-76.30739180952783,-0.5191782741624721,0.7174423122027542
vegetacion_densa,0.6609912514686584,-0.33040136098861694,0.793212890625,3.4944464552250114,-76.45363753778459,1.0416495950647267,0.7931399792654524
vegetacion_densa,0.6611278057098389,-0.3093608617782593,0.794921875,3.4935481399408923,-76.38734186981561,1.8242130391809002,-1.706855456014928
ozono_anomalo,0.3690923750400543,0.03287007659673691,1.0,3.4665088498889074,-76.3479058288422,-1.0543432710774103,-0.3909489432753626
vegetacion_densa,0.6678684949874878,-0.2433885931968689,0.9970703125,3.4292287655979647,-76.33793452918833,1.7372256332463154,1.6710168305132718
contaminacion_alta_SO2,0.8527673482894897,-0.34985145926475525,1.0,3.5963154084441173,-76.54823013720373,2.9690847577103394,-2.614092671293534
ozono_anomalo,0.7632258534431458,-0.28570157289505005,0.84423828125,3.552657285635929,-76.58703735747825,2.1942404256327324,-3.2578592606493983
vegetacion_densa,0.60881507396698,-0.1385575234889984,1.0,3.5103466357539195,-76.30766130411307,-1.5254526690685841,-0.8670582744026731
vegetacion_densa,0.6627402305603027,-0.20252543687820435,0.9912109375,3.3606873094196774,-76.44734933079566,1.018354497798716,0.2768412216174958
ozono_anomalo,0.3890877962112427,-0.2547992765903473,0.3427734375,3.5415181761128522,-76.59943410839928,0.9415779307625013,-3.0184546751910024
vegetacion_densa,0.6106555461883545,-0.20342889428138733,0.8369140625,3.3937453118752603,-76.49963128033217,-1.0052377357471547,1.6852951469236466
contaminacion_alta_SO2,0.5169290900230408,-0.10587852448225021,1.0,3.3605974778912655,-76.51993320575356,-0.7805714211057965,-0.5523399638115184
contaminacion_alta_SO2,0.6870077848434448,-0.30562305450439453,1.0,3.4222219063818358,-76.6233292949572,0.669384112915606,-2.2643189145365623
ozono_anomalo,0.5813309550285339,-0.17616432905197144,1.0,3.4852836393269966,-76.45839860879049,1.6562263595668587,0.7822603523582703
ozono_anomalo,0.5750842094421387,-0.1443851888179779,0.9970703125,3.3827858654090073,-76.50043976408789,-0.7280585305922439,0.5374247080961463
vegetacion_densa,0.7359601259231567,-0.3417755365371704,0.8798828125,3.34200235151,-76.47888019726871,1.6331344418534965,2.3663885854633233
ozono_anomalo,0.3167340159416199,0.010320059023797512,0.982177734375,3.4074895357222825,-76.54203176174322,-1.4677531436188533,-0.8142803078028626
ozono_anomalo,0.7630281448364258,-0.2087409794330597,1.0,3.6332361666214124,-76.59557135267751,2.182285684241478,-2.0720510517254986
contaminacion_alta_SO2,0.7190912961959839,-0.25627702474594116,0.87255859375,3.4494408594906445,-76.60114090743913,-1.6304657955810364,-0.21835659653811196
ozono_anomalo,0.7689787149429321,-0.40874311327934265,0.7626953125,3.4915718463158303,-76.4082726159359,2.0853176312885893,0.24614645902412158
vegetacion_densa,0.6070785522460938,-0.23806431889533997,0.88623046875,3.6080833386660776,-76.63087514334391,1.0590679263666642,-0.5756467464145087
ozono_anomalo,0.3611012101173401,0.017880145460367203,0.8447265625,3.5861644457335715,-76.30730197799942,0.11518036483360367,-0.02654833022463345
vegetacion_densa,0.6869217157363892,-0.196950763463974,0.85302734375,3.610508789933199,-76.62243097967307,1.215781468280541,-1.5142724679027546
vegetacion_densa,0.7428972721099854,-0.23506981134414673,0.9990234375,3.5290315936635968,-76.38680288064513,0.24511537794497734,-1.3364073605258475
contaminacion_alta_SO2,0.5315607190132141,0.0010905582457780838,1.0,3.541787670698088,-76.4422289336761,1.002894443656381,-0.5329306040125567
ozono_anomalo,0.6412556171417236,-0.150591179728508,1.0,3.5793372495742664,-76.3058646735448,0.3919710630065628,-0.8052922071324163
contaminacion_alta_SO2,0.6779108643531799,-0.2145008146762848,1.0,3.4365051193993295,-76.44177977603404,2.8510033037472793,0.3497352069310839
vegetacion_densa,0.7267438769340515,-0.2764658033847809,0.91162109375,3.409016671705285,-76.3878808589861,1.3413043707400414,-0.3410544594360085
vegetacion_densa,0.729223906993866,-0.3006153702735901,1.0,3.4860921230827038,-76.33982099128501,3.1166282540466708,0.07506786662065142
vegetacion_densa,0.6690363883972168,-0.30412518978118896,0.361328125,3.512951750077865,-76.36973489024662,-0.9491843703285897,0.11856416998817418
contaminacion_alta_SO2,0.5999355912208557,-0.17606137692928314,1.0,3.334366671594988,-76.31161389136325,2.5504937886496024,0.9706239882463573
ozono_anomalo,0.7821630239486694,-0.2525956928730011,1.0,3.5272349630953586,-76.61021389180887,1.786759492367045,-2.2913146692859945
ozono_anomalo,0.30782631039619446,-0.15642601251602173,0.427490234375,3.5130415816062768,-76.5656574537159,-1.4213990591655565,-1.0793468670825446
contaminacion_alta_SO2,0.5748564004898071,-0.20567277073860168,1.0,3.3109206426794793,-76.46549529953514,2.3270401415875632,-0.41755882622867063
ozono_anomalo,0.12185795605182648,0.14048045873641968,0.82373046875,3.5569691989997008,-76.38644355453148,-1.3459997639818992,1.618278657063392
ozono_anomalo,0.7058145403862,-0.2703475058078766,1.0,3.3298750951743923,-76.40710480606653,3.678254724230425,0.5959487999114174
contaminacion_alta_SO2,0.5717447400093079,-0.18463733792304993,0.43994140625,3.581583037784564,-76.31763260376694,-2.709668931672969,0.2105730683201898
ozono_anomalo,0.5000995397567749,-0.16509079933166504,1.0,3.530918055760247,-76.48139548006428,-0.8687231134443656,0.13159007389522173
contaminacion_alta_SO2,0.46960216760635376,-0.09486685693264008,1.0,3.3565550591127296,-76.46558513106355,1.4018863555245198,-0.6128188282211913
vegetacion_densa,0.7637789249420166,-0.3078306317329407,1.0,3.311010474207891,-76.346558355916,2.882249986120362,-0.496546007832737
ozono_anomalo,0.2758576273918152,-0.01743754744529724,0.451171875,3.3967995838412652,-76.49352273640007,0.5965012674920935,0.22579755633594642
ozono_anomalo,0.6396760940551758,-0.18461821973323822,1.0,3.371287429772283,-76.37081286858758,2.1359666271893696,0.9023995879878379
contaminacion_alta_SO2,0.6587505340576172,-0.19946789741516113,0.94873046875,3.3144240722875438,-76.32922087093225,0.6599805457383755,0.38209253777686214
vegetacion_densa,0.6978303790092468,-0.327004075050354,0.56494140625,3.4312050592230268,-76.41204554012926,0.15004799612335992,0.0769084628488875
vegetacion_densa,0.6266569495201111,-0.3006380498409271,0.937255859375,3.381168897897593,-76.31987839197727,1.853471351923348,1.67840019099495
ozono_anomalo,0.5819007158279419,-0.18836838006973267,0.9716796875,3.4054234105688086,-76.5670049266421,-0.8162939240038054,-0.9539299538966123
ozono_anomalo,0.7194696068763733,-0.34010910987854004,0.732421875,3.3156817136853105,-76.33263446901195,-0.1467759564273456,-1.5858035746628822
vegetacion_densa,0.6857478618621826,-0.3478432297706604,0.69970703125,3.320981773861613,-76.36173988421784,1.0480946486313385,-0.3469845394695679
contaminacion_alta_SO2,0.6048019528388977,-0.16279681026935577,1.0,3.5593946502668223,-76.42983218275508,1.370751217762744,-0.9206365819759947
vegetacion_densa,0.6833405494689941,-0.29369741678237915,0.726806640625,3.465880029190024,-76.64147526369668,-0.217932993525446,-1.2125849716133077
ozono_anomalo,0.6961114406585693,-0.20418834686279297,1.0,3.6350327971896506,-76.31727327765329,1.1336729654550262,-1.8738001137392697
ozono_anomalo,0.39150363206863403,-0.030462970957159996,0.6484375,3.5870627610176906,-76.37808922238905,-1.3985274778088583,-0.9035548365680471
vegetacion_densa,0.6437236666679382,-0.31659233570098877,0.9873046875,3.5382842410900235,-76.47250215875137,-0.6265637091409922,0.4427634219862114
vegetacion_densa,0.784500002861023,-0.37692445516586304,1.0,3.4582443492750117,-76.40863194204955,3.565146944905003,0.7804053233663121
ozono_anomalo,0.47829270362854004,-0.15098936855793,0.9677734375,3.5593048187384104,-76.48750402399638,-1.6264000970222,0.5474206588605369
ozono_anomalo,0.6741753816604614,-0.2748405337333679,1.0,3.4353373095299746,-76.4136625076407,1.5778706409444065,1.48798821433104
vegetacion_densa,0.7860985398292542,-0.3159800171852112,0.9609375,3.4831276826451107,-76.63294126849742,0.7083848063044679,-2.549938985981193
ozono_anomalo,0.6034102439880371,-0.17382578551769257,1.0,3.4204252758135976,-76.45516467376761,1.1708425433329688,2.13696869400979
vegetacion_densa,0.6503337025642395,-0.2875194549560547,0.44384765625,3.4833971772303465,-76.36245853644515,1.0055685463247412,-0.38590659418004003
vegetacion_densa,0.7244003415107727,-0.3204275369644165,0.914794921875,3.5571488620565246,-76.40728446912335,-0.9905928893549344,-2.022453518392138
ozono_anomalo,0.46454018354415894,-0.15604300796985626,0.41796875,3.5160958535722817,-76.6382413286738,0.6168384279920246,-2.0271586582278345
vegetacion_densa,0.6089706420898438,-0.21258540451526642,1.0,3.352961797976253,-76.38285029339495,1.661971556248598,0.755101182999515
vegetacion_densa,0.7223678827285767,-0.31664329767227173,0.6591796875,3.34999735753866,-76.60437484246201,-0.31962025122158216,-0.9114939731782544
vegetacion_densa,0.6721312999725342,-0.15113642811775208,1.0,3.6121257574446135,-76.5975476463026,1.889209943470819,-1.855730317926977
ozono_anomalo,0.33644184470176697,-0.09187011420726776,0.4091796875,3.5399910401298498,-76.38105366282669,-2.1795177237592083,-2.4269310540657827
vegetacion_densa,0.6271811723709106,-0.18612496554851532,1.0,3.600627321807889,-76.47699373517203,-0.9128194976598034,0.32585116007729115
ozono_anomalo,0.7647725939750671,-0.32279565930366516,0.3837890625,3.3325700410267496,-76.33658705626213,1.726223234270622,0.04038380170503222
ozono_anomalo,0.6441377997398376,-0.28418463468551636,1.0,3.446027261410992,-76.32634626202302,2.857198361257295,0.8236966949645654
ozono_anomalo,0.6289961338043213,-0.20466884970664978,1.0,3.337061617447345,-76.45049343429012,2.054060716177213,1.1275576361248913
ozono_anomalo,0.7166406512260437,-0.3384377360343933,1.0,3.3296056005891566,-76.37216034151378,2.8879803457074957,1.5808578166889984
ozono_anomalo,0.5532758235931396,-0.08511608839035034,1.0,3.3927571650627293,-76.44923579289234,2.14048505276235,0.4494996057576776
contaminacion_alta_SO2,0.5859516859054565,-0.05649561807513237,1.0,3.5433148066810904,-76.43567123210194,0.526927559401267,-0.6923780142714301
ozono_anomalo,0.6099620461463928,-0.2967851161956787,0.580078125,3.4219524117966,-76.37153152081488,1.305687692950298,-0.02802600982106446
ozono_anomalo,0.7409602403640747,-0.31007784605026245,0.90673828125,3.5231925443168226,-76.5649388014886,0.5456361323793486,-0.1872882680538784
ozono_anomalo,0.7104027271270752,-0.2843461036682129,0.5107421875,3.585535625034688,-76.5900916294443,0.9265369098682612,-2.3691719705189125
ozono_anomalo,0.5042067766189575,-0.2282828986644745,1.0,3.532624854800073,-76.47393946320598,-1.146070178195837,-3.479391996430719
contaminacion_alta_SO2,0.4772661626338959,-0.06585240364074707,0.998046875,3.357004216754789,-76.37701124404809,0.09285498564319655,0.33867888875845314
ozono_anomalo,0.8738348484039307,-0.32096928358078003,1.0,3.3376904381462285,-76.64623633470258,1.5473488948870404,-2.614269298591315
ozono_anomalo,0.3049343228340149,-0.1308654099702835,0.615234375,3.48402599792923,-76.37764006474698,-0.8401724653879534,-1.252107189724363
contaminacion_alta_SO2,0.6829606294631958,-0.30186453461647034,0.994140625,3.3817977185964763,-76.47600558835948,0.7778024622481245,1.1680388592751993
ozono_anomalo,0.5021411776542664,-0.20719845592975616,0.53271484375,3.451866310757766,-76.34341425242154,-0.7929267789667966,-1.0255073740254659
ozono_anomalo,0.4383726716041565,-0.10232749581336975,0.8935546875,3.472078404650446,-76.40665564842446,1.6090642523229959,1.2446441142535358
ozono_anomalo,0.6002732515335083,-0.10509675741195679,1.0,3.451956142286178,-76.46639361481927,-0.23984560545175476,2.1812286484016425
ozono_anomalo,0.6460278034210205,-0.21378061175346375,1.0,3.366077201124392,-76.30595450507322,-0.5196227478311332,0.4924398610204436
contaminacion_alta_SO2,0.6776685118675232,-0.28643956780433655,1.0,3.5390028933173188,-76.57257448140372,2.2133965355096503,-1.9200028744872817
ozono_anomalo,0.5716646909713745,-0.1793915182352066,1.0,3.4654308715479645,-76.4313593187381,2.318397637116447,0.5526199901940415
contaminacion_alta_SO2,0.7179077863693237,-0.3191489577293396,0.9384765625,3.438032255382332,-76.60617147303027,0.21018799041417163,-1.49862730997243
ozono_anomalo,0.17300496995449066,0.08191139996051788,0.721435546875,3.426893145859255,-76.53394692418603,-2.4617247688543555,-0.4976136945591809
contaminacion_alta_SO2,0.7174289226531982,-0.32788586616516113,1.0,3.4504290063031755,-76.3954267073728,0.4097452398780329,1.7415713335284941
ozono_anomalo,0.5575364828109741,-0.2419963777065277,0.91943359375,3.575654156909378,-76.40836244746431,-0.9203800818339908,0.16209184878406233
ozono_anomalo,0.466092050075531,-0.020130731165409088,1.0,3.5160958535722817,-76.49810414434914,-0.7578410413843002,-1.3511921535258216
ozono_anomalo,0.321658730506897,0.0542694516479969,0.99560546875,3.386019800431836,-76.56269301327826,-2.1455270268872693,-0.1725050199268023
contaminacion_alta_SO2,0.7254763841629028,-0.27394556999206543,1.0,3.342182014566824,-76.56709475817051,-0.8104258808593103,-1.8396955347921533
ozono_anomalo,0.2118702232837677,0.10754896700382233,0.99609375,3.3996741927504464,-76.5175077544864,-3.1627960769628194,1.3792996102221229
ozono_anomalo,0.6814433336257935,-0.21257151663303375,1.0,3.5530166117495767,-76.32365131617063,-1.4619169559752394,-1.0601794659212949
contaminacion_alta_SO2,0.6104943156242371,-0.34088778495788574,0.9931640625,3.373263723397345,-76.46881906608643,0.7371995302665022,1.2024112398530373
contaminacion_alta_SO2,0.7738620638847351,-0.26943838596343994,1.0,3.3054409194463528,-76.58407291704061,1.3576555941559094,-2.4187386920974516
contaminacion_alta_SO2,0.7439149618148804,-0.19051037728786469,1.0,3.6231750354392784,-76.61811906630923,2.6489681128810547,-2.2906426738725276
contaminacion_alta_SO2,0.7026985883712769,-0.2793014943599701,1.0,3.4485425442065254,-76.42830504677205,2.4963957785823214,-0.6104567634234047
contaminacion_alta_SO2,0.7341136336326599,-0.22816650569438934,1.0,3.327000486265211,-76.5765270686539,1.1978255353207221,-2.1424297916950086
contaminacion_alta_SO2,0.31055623292922974,-0.21484625339508057,0.345703125,3.32223941525938,-76.59808663547308,-0.776097455937259,-2.2237893621972353
contaminacion_alta_SO2,0.4092152416706085,-0.009406150318682194,1.0,3.357902532038908,-76.53053332610632,-1.009486653895602,-0.359273146022667
contaminacion_alta_SO2,0.470669150352478,-0.13646283745765686,1.0,3.3177478388387844,-76.4760954198879,2.3888055157086168,1.916929168317651
contaminacion_alta_SO2,0.44298097491264343,-0.1600421518087387,0.623046875,3.484924313213349,-76.44070179769308,-1.021026883524291,1.3952174205932635
contaminacion_alta_SO2,0.2247903048992157,0.16609525680541992,1.0,3.5322655286864255,-76.46648344634768,-0.40083230375808665,0.317653585135484
contaminacion_alta_SO2,0.8210632801055908,-0.2696024179458618,1.0,3.5811338801425046,-76.61156136473507,2.912027051420817,-2.682531429129704
contaminacion_alta_SO2,0.7278740406036377,-0.3448190689086914,1.0,3.491841340901066,-76.41581846432261,2.2408856329108633,-0.045717453128551286
contaminacion_alta_SO2,0.8025094270706177,-0.26532167196273804,1.0,3.6391650474965984,-76.53394692418603,2.720756343622613,-2.332737762300787
contaminacion_alta_SO2,0.6692529916763306,-0.16716444492340088,0.9208984375,3.30624940320206,-76.53394692418603,-2.406595908211666,-0.20919506397869972
contaminacion_alta_SO2,0.7469605207443237,-0.33172112703323364,1.0,3.458783338445483,-76.40611665925398,2.3525775326219134,1.2535759411951701
contaminacion_alta_SO2,0.6581363677978516,-0.25417351722717285,0.80419921875,3.436774613984565,-76.42516094327759,0.7925672403760207,0.4101070624432224
contaminacion_alta_SO2,0.6519596576690674,-0.2800138592720032,0.672607421875,3.604490077529601,-76.30703248341418,0.8498986344598843,-0.46063906745225547
contaminacion_alta_SO2,0.5630908608436584,-0.06664401292800903,1.0,3.3683229893346898,-76.38365877715067,0.7269434405707509,1.403552617531898
contaminacion_alta_SO2,0.24438078701496124,-0.062114909291267395,0.85546875,3.371916250471166,-76.47295131639343,0.05968001208299759,1.3922900966685448
contaminacion_alta_SO2,0.7418941259384155,-0.2933271527290344,0.9912109375,3.4317440483934982,-76.37449596125252,2.1400089400380646,1.6238063106697473
contaminacion_alta_SO2,0.704646646976471,-0.23775158822536469,1.0,3.6079036756092537,-76.48049716478015,1.1891225550199,-1.2222309810754317
contaminacion_alta_SO2,0.7422573566436768,-0.3913470506668091,0.7255859375,3.5680184769943657,-76.3696450587182,0.07285431116789456,-1.6418680245976438
contaminacion_alta_SO2,0.7447742223739624,-0.19337661564350128,1.0,3.341104036225881,-76.50358386758235,-0.2696752973875649,-2.2635090296638096
contaminacion_alta_SO2,0.4759572148323059,-0.1096261739730835,0.5498046875,3.3059799086168242,-76.50133807937202,-1.1163006955388004,-0.5954981966520011
contaminacion_alta_SO2,0.684024453163147,-0.24224841594696045,1.0,3.3507160097659554,-76.34539054604663,3.162103534118315,0.9671117677450695
contaminacion_alta_SO2,0.8266605138778687,-0.29402291774749756,1.0,3.565772688784068,-76.59036112402954,2.524374401773547,-2.3153139392395294
contaminacion_alta_SO2,0.6200865507125854,-0.20625710487365723,0.979736328125,3.556609872886053,-76.57149650306276,-0.5342967070527345,-0.7307652472597189
contaminacion_alta_SO2,0.8196618556976318,-0.33748936653137207,1.0,3.347032917101067,-76.60123073896754,1.5236538395050478,-2.6558912641433956
contaminacion_alta_SO2,0.5973647236824036,-0.11905115842819214,0.9794921875,3.553555600920048,-76.32940053398907,-0.44452929776336814,-0.09097930058761025
contaminacion_alta_SO2,0.8077674508094788,-0.3591562509536743,0.86669921875,3.314064746173896,-76.42273549201043,1.3582051244230309,-0.28534092996879784
contaminacion_alta_SO2,0.6067646741867065,-0.22535234689712524,0.95751953125,3.485014144741761,-76.30415787450495,1.5829804237735863,1.1737057969871731
contaminacion_alta_SO2,0.7081542015075684,-0.3253737688064575,1.0,3.3993148666367987,-76.61937670770702,-0.09362724904190398,-0.8867366305643055
contaminacion_alta_SO2,0.6828619241714478,-0.29232412576675415,1.0,3.4953447705091305,-76.32023771809092,-0.33831448060547814,0.9525059340714803
contaminacion_alta_SO2,0.7038741111755371,-0.19578586518764496,0.9990234375,3.415933699393002,-76.58586954760888,0.17720578510361804,-1.407700129595217
contaminacion_alta_SO2,0.7965139746665955,-0.3537694215774536,1.0,3.4492611964338207,-76.35931443295068,2.3482512161585443,1.3737063630548059
contaminacion_alta_SO2,0.3350064158439636,0.044322215020656586,0.994873046875,3.6042205829443654,-76.47393946320598,-0.33630167066086647,-0.5379592899386183
contaminacion_alta_SO2,0.3938169777393341,-0.02798435278236866,0.709228515625,3.438122086910744,-76.3594042644791,1.7035537131638263,-1.2010733110195602
contaminacion_alta_SO2,0.36547738313674927,0.01437995582818985,1.0,3.4056929051540443,-76.35024144858095,1.843563864402636,2.680707132071888
contaminacion_alta_SO2,0.6647098064422607,-0.29581934213638306,0.951171875,3.3267309916799754,-76.42013037768645,0.6964348615342892,-0.4777161476418872
contaminacion_alta_SO2,0.699575662612915,-0.3132672905921936,0.73193359375,3.4415356849903964,-76.60653079914393,0.13583681878029208,-1.5530269566286097
contaminacion_alta_SO2,0.489223450422287,-0.21127250790596008,0.3984375,3.5691862868637205,-76.59530185809227,1.544184300572646,-2.2663006702649344
contaminacion_alta_SO2,0.4443243145942688,0.00119810551404953,1.0,3.3357141445211664,-76.48948031762147,0.6602196603489647,1.7563333347562222
contaminacion_alta_SO2,0.6271939873695374,-0.2729177474975586,0.88916015625,3.3388582480155833,-76.56610661135797,-3.2557879591654544,-0.8482734323256657
contaminacion_alta_SO2,0.7849200963973999,-0.29646334052085876,0.86328125,3.493637971469304,-76.64066677994096,0.6656487864364159,-2.108895583420029
contaminacion_alta_SO2,0.5044558644294739,-0.17947134375572205,0.9072265625,3.379282435800943,-76.46962754984214,1.0547410099132841,0.09446775364524208
contaminacion_alta_SO2,0.5724366903305054,-0.1084064319729805,1.0,3.304991761804293,-76.45750029350636,2.0765784911567007,-0.09419052367964288
contaminacion_alta_SO2,0.6183555126190186,-0.18909382820129395,1.0,3.3298750951743923,-76.33739554001785,3.6872494191044263,0.21711464759986965
contaminacion_alta_SO2,0.5074707269668579,-0.051125477999448776,1.0,3.3534109556183127,-76.52999433693584,-0.8838652206237521,-0.5419602368917924
contaminacion_alta_SO2,0.7581682205200195,-0.3082527220249176,1.0,3.409016671705285,-76.3309276699721,2.174911232518756,1.6526046397844392
contaminacion_alta_SO2,0.5529682636260986,-0.2200583666563034,0.990234375,3.364280570556154,-76.3316463221994,0.35702673782551336,0.17331264665923232
contaminacion_alta_SO2,0.739524245262146,-0.18693608045578003,1.0,3.6113172736889063,-76.50654830801999,2.4694287650751057,-1.9811873373913003
contaminacion_alta_SO2,0.5562312602996826,-0.1997639536857605,0.4130859375,3.4112624599155827,-76.59296623835353,-1.541235590755911,-0.23499706075055157
contaminacion_alta_SO2,0.6558482050895691,-0.2196587324142456,0.614013671875,3.5294807513056563,-76.38545540771894,-0.8186762407678323,0.252140393949954
contaminacion_alta_SO2,0.601280927658081,-0.17949169874191284,0.99951171875,3.4852836393269966,-76.37395697208204,0.7466935784950213,-0.018439436573419742
contaminacion_alta_SO2,0.7092640399932861,-0.17736971378326416,1.0,3.59173400049511,-76.53825883754986,2.0268365931118,-1.866831693069979
contaminacion_alta_SO2,0.6010079383850098,-0.3018382489681244,1.0,3.56164043847712,-76.46477664730783,1.7139916316761783,-1.4501112312063726
contaminacion_alta_SO2,0.6570003032684326,-0.28634560108184814,1.0,3.6000883326374176,-76.41150655095878,0.1799705022223125,-1.124876797340217
contaminacion_alta_SO2,0.5385599136352539,-0.08806705474853516,0.9951171875,3.5762829776082614,-76.41267436082815,0.03554158946314247,-1.1122031166406126
contaminacion_alta_SO2,0.734265923500061,-0.3386121094226837,0.9814453125,3.3853909797329527,-76.43962381935212,1.0238870743602553,0.7814635775810114
contaminacion_alta_SO2,0.732830286026001,-0.21588575839996338,1.0,3.306339234730472,-76.51301617806574,-0.29036752918845565,-1.156402764381254
contaminacion_alta_SO2,0.7529034614562988,-0.2638729512691498,1.0,3.4206049388704214,-76.59179842848415,0.2887943114740304,-1.5116633465606646
contaminacion_alta_SO2,0.5073279142379761,-0.26270508766174316,0.33935546875,3.4562680556499497,-76.37153152081488,-1.1868158710833823,1.4739166832373019
contaminacion_alta_SO2,0.648045003414154,-0.27301549911499023,1.0,3.4723478992356815,-76.31089523913595,-0.18044946543999058,0.6210409831331403
contaminacion_alta_SO2,0.6944125890731812,-0.23461081087589264,1.0,3.4663291868320836,-76.6280903659631,0.5865435894196523,-0.9874776758355632
contaminacion_alta_SO2,0.6340811848640442,-0.17898720502853394,0.989013671875,3.4015606548470965,-76.43315594930637,0.6881662910921186,-0.26476812406367245
contaminacion_alta_SO2,0.6755717992782593,-0.2747013568878174,0.939453125,3.4034471169437466,-76.35886527530862,2.661891752047776,1.7947021384593023
contaminacion_alta_SO2,0.37950313091278076,0.008417593315243721,1.0,3.5391825563741426,-76.45004427664806,0.14416613747049367,-0.4124005311538431
contaminacion_alta_SO2,0.6961027383804321,-0.187136709690094,0.657470703125,3.558945492624763,-76.6300666595882,1.79134769377795,-1.9618509760014333
contaminacion_alta_SO2,0.6576365232467651,-0.2214735448360443,0.83154296875,3.3884452516989576,-76.38940799496912,0.7502738234406963,-0.3900846881971825
contaminacion_alta_SO2,0.8312726020812988,-0.37996116280555725,1.0,3.544752111135681,-76.55918958367015,2.425501094149606,-2.3672048292201113
contaminacion_alta_SO2,0.7493777275085449,-0.2292776256799698,1.0,3.5184314733109914,-76.4103387410894,-0.21565262399886026,-1.6032852105120927
contaminacion_alta_SO2,0.7133864164352417,-0.2127189338207245,1.0,3.338049764259876,-76.55505733336314,0.796319722825368,-2.4708584986948505
contaminacion_alta_SO2,0.5636347532272339,-0.21072755753993988,0.736328125,3.384133338335186,-76.37674174946285,0.4956772110746688,-0.24688060037554402
contaminacion_alta_SO2,0.6895157098770142,-0.2517537474632263,0.6728515625,3.6388057213829508,-76.52415528758898,2.0083502194871663,-2.310393124481495
contaminacion_alta_SO2,0.742536187171936,-0.2941009998321533,1.0,3.342271846095236,-76.56556762218749,-0.73362578730046,-1.8531442996891794
contaminacion_alta_SO2,0.5318410396575928,-0.1947665512561798,1.0,3.3667958533516873,-76.46854957150119,1.5705960881184775,0.2714515022482157
contaminacion_alta_SO2,0.447357177734375,0.013894950039684772,1.0,3.5520284649370457,-76.44591202634105,0.9194287982381716,-0.495105651130296
contaminacion_alta_SO2,0.6718689203262329,-0.34569239616394043,0.9072265625,3.4595019906727784,-76.42623892161855,0.7100705327847122,-0.0023625778051850556
contaminacion_alta_SO2,0.5333886742591858,-0.008266955614089966,1.0,3.382157044710124,-76.44734933079566,0.16469647422475467,1.7624521887076454
contaminacion_alta_SO2,0.7668113112449646,-0.22519344091415405,1.0,3.592542484250817,-76.60132057049596,2.4530868295480115,-2.215912977082133
contaminacion_alta_SO2,0.6237818598747253,-0.14823487401008606,1.0,3.313346093946601,-76.43531190598829,2.339401366398357,1.3375661830023977
contaminacion_alta_SO2,0.7422271966934204,-0.33930233120918274,0.72021484375,3.3154122191000748,-76.4109675617883,0.10352277230675051,0.0491004790245701
contaminacion_alta_SO2,0.25131261348724365,-0.14475837349891663,0.3544921875,3.5363977789933734,-76.57023886166498,-1.635851680310833,-0.040721324273593894
contaminacion_alta_SO2,0.5883206129074097,-0.1644142121076584,1.0,3.3426311722088835,-76.48418025744509,1.1296343049487934,1.2537111793549764
contaminacion_alta_SO2,0.4327220916748047,-0.017285145819187164,0.9765625,3.353141461033077,-76.5405944572886,-0.2700507418080549,-1.120864312679772
contaminacion_alta_SO2,0.7844150066375732,-0.22617511451244354,1.0,3.619761437359626,-76.59359505905242,2.647386626992131,-2.2532854592729046
contaminacion_alta_SO2,0.6715662479400635,-0.32565444707870483,0.914794921875,3.55786751428382,-76.60437484246201,0.7357701576941166,-1.5816078730950147
contaminacion_alta_SO2,0.8487554788589478,-0.2711217403411865,1.0,3.5502318343688075,-76.59395438516607,2.527357750139192,-2.33914767975617
contaminacion_alta_SO2,0.5643707513809204,-0.2958958148956299,0.543212890625,3.3208021108047894,-76.46306984826798,-0.17120112320882763,0.05163751999171377
contaminacion_alta_SO2,0.7350085973739624,-0.4359402060508728,1.0,3.36598736959598,-76.3947080551455,1.0459620076521756,0.9688313397565085
contaminacion_alta_SO2,0.6640603542327881,-0.21199819445610046,0.8896484375,3.305261256389529,-76.49882279657645,-0.09539856476856748,0.2509461439053073
contaminacion_alta_SO2,0.43179506063461304,0.049849800765514374,1.0,3.3039137834633503,-76.35841611766655,-0.04536741565997573,3.102771364184167
contaminacion_alta_SO2,0.7313159108161926,-0.30295002460479736,1.0,3.6081731701944895,-76.37305865679791,-0.5799791622721315,-0.04132460850370497
contaminacion_alta_SO2,0.48038581013679504,-0.2457704246044159,0.962646484375,3.5022617981968476,-76.32257333782967,-2.302499096451307,-0.9087886075635114
contaminacion_alta_SO2,0.6146236658096313,-0.15124604105949402,0.935791015625,3.3079562022418862,-76.53736052226573,-2.436132908958339,-0.02928225028402905
contaminacion_alta_SO2,0.580460250377655,-0.277421772480011,0.39599609375,3.488787068935061,-76.37404680361045,0.6841616258341892,1.3711465732545227
contaminacion_alta_SO2,0.6552926301956177,-0.2137075513601303,1.0,3.4791750953949867,-76.32113603337505,4.686695344096344,1.6174221944381517
contaminacion_alta_SO2,0.6069568991661072,-0.11329448968172073,0.816650390625,3.328168296134566,-76.50564999273585,-1.8604428371599324,-0.29184671672418216
contaminacion_alta_SO2,0.6566913723945618,-0.23739202320575714,1.0,3.38808592558531,-76.33784469765992,3.22844331949522,0.7763832080125417
contaminacion_alta_SO2,0.6155986785888672,-0.07296274602413177,1.0,3.642398982519427,-76.499810943389,0.953916455254562,-1.2143993502798207
contaminacion_alta_SO2,0.17663878202438354,-0.047609683126211166,0.39990234375,3.4314745538082625,-76.3438634100636,0.7180149738350057,1.7589875054322526
contaminacion_alta_SO2,0.6008177995681763,-0.1449316293001175,1.0,3.534780811481959,-76.37386714055363,1.233140939567151,-0.668261662275774
contaminacion_alta_SO2,0.7765855193138123,-0.3864055871963501,1.0,3.6013459740351843,-76.44070179769308,-1.3281333397157424,-0.8388897608954609
contaminacion_alta_SO2,0.5223318934440613,-0.2406029850244522,0.610595703125,3.4262643251603717,-76.41195570860084,0.24562853061272355,1.382823186070171
contaminacion_alta_SO2,0.38458043336868286,-0.11148396134376526,0.73974609375,3.3707484406018113,-76.34215661102375,-1.4467010530172404,0.21146783499281172
contaminacion_alta_SO2,0.7640933990478516,-0.2766151428222656,1.0,3.496692243435309,-76.58973230333065,0.6930661364731304,-0.934367459603187
contaminacion_alta_SO2,0.25038379430770874,-0.1289108842611313,0.52490234375,3.43416949966062,-76.35230757373445,-1.1128028284570908,2.4071604121203825
contaminacion_alta_SO2,0.36669811606407166,-0.1085590273141861,0.48779296875,3.357902532038908,-76.51166870513954,-3.5112430650244497,0.7024856465158038
contaminacion_alta_SO2,0.7123907208442688,-0.21513107419013977,1.0,3.536936768163845,-76.63527688823616,1.1924197551557596,-0.596173578165912
contaminacion_alta_SO2,0.32435449957847595,-0.05223897472023964,0.443359375,3.309034180582829,-76.32472929451158,1.4467823262002732,1.7799424433703777
contaminacion_alta_SO2,0.7250603437423706,-0.3143959939479828,1.0,3.4247371891773692,-76.3506007746946,2.9907971715893384,0.09844398751577094
contaminacion_alta_SO2,0.806591272354126,-0.2566598653793335,1.0,3.605478224342132,-76.55856076297125,2.6824094636438205,-2.3042893343835322
contaminacion_alta_SO2,0.775851845741272,-0.23291516304016113,1.0,3.638626058326127,-76.53116214680522,2.636810396794522,-2.2163845138936296
contaminacion_alta_SO2,0.5811744928359985,-0.24441060423851013,0.358154296875,3.532804517856897,-76.57230498681848,0.6632526658501944,-2.484839995881259
contaminacion_alta_SO2,0.5278925895690918,-0.01914122700691223,1.0,3.5469978993459788,-76.44177977603404,1.0652385772339485,-0.6289084981784221
contaminacion_alta_SO2,0.8306710720062256,-0.33260682225227356,1.0,3.3538601132603723,-76.58757634664873,1.154498391931935,-3.0100957498965806
contaminacion_alta_SO2,0.5611939430236816,-0.11216168105602264,1.0,3.4315643853366744,-76.31359018498834,-0.7976300054018651,1.474354835240989
contaminacion_alta_SO2,0.7416653037071228,-0.29894784092903137,1.0,3.3084951914123577,-76.43055083498238,0.3336886578088932,-0.019795586628083135
contaminacion_alta_SO2,0.5244682431221008,-0.17904755473136902,0.9970703125,3.4902243733896516,-76.60455450551883,-0.19128584916769836,-2.1046452050721
contaminacion_alta_SO2,0.7062155604362488,-0.25507593154907227,0.845703125,3.3706586090733994,-76.59341539599559,-0.6114856045160617,-1.1310966995548914
contaminacion_alta_SO2,0.4585326313972473,-0.04297306388616562,0.305908203125,3.3057104140315885,-76.44528320564216,-0.8757487003875725,0.6538728556928826
contaminacion_alta_SO2,0.4161778688430786,-0.046063926070928574,0.8837890625,3.585894951148336,-76.47375980014915,-1.461336347813202,-0.1769166264024823
contaminacion_alta_SO2,0.6995660066604614,-0.14603185653686523,1.0,3.6341344819055315,-76.50852460164508,2.3910087695226547,-1.9211013237016827
contaminacion_alta_SO2,0.6090787649154663,-0.08430555462837219,0.87646484375,3.3774858052327046,-76.40872177357797,2.4333020154480143,1.7917009863416509
contaminacion_alta_SO2,0.6571124792098999,-0.2314460724592209,1.0,3.31002232739536,-76.37620276029237,1.6610963235827259,1.1997065291612303
contaminacion_alta_SO2,0.7168617248535156,-0.214572936296463,1.0,3.5603827970793533,-76.57356262821627,2.114135659068605,-2.1972832555007575
contaminacion_alta_SO2,0.7486934065818787,-0.3570099174976349,1.0,3.465071545434317,-76.43162881332334,2.450239614268629,1.1307880427477872
contaminacion_alta_SO2,0.29577162861824036,0.18759673833847046,1.0,3.3555669123001985,-76.37629259182079,-0.021552290270608246,2.145701481720486
contaminacion_alta_SO2,0.6358451843261719,-0.19407197833061218,1.0,3.371287429772283,-76.49136677971815,3.276331258019968,0.8747190981369805
contaminacion_alta_SO2,0.7016401290893555,-0.18516305088996887,1.0,3.4462069244678157,-76.58775600970556,-1.0304249509087942,-1.1494439140173092
contaminacion_alta_SO2,0.8457338213920593,-0.3328990638256073,1.0,3.3967097523128533,-76.63446840448044,1.0731178475416423,-3.1906011754702717
contaminacion_alta_SO2,0.62542724609375,-0.2021666020154953,1.0,3.313974914645484,-76.3268852511935,2.5171494148495532,1.0967881921937912
contaminacion_alta_SO2,0.6051411628723145,-0.13398218154907227,1.0,3.548704698385805,-76.42066936685693,-0.5554330501232997,-0.33101287727976286
contaminacion_alta_SO2,0.7497243285179138,-0.1869741827249527,1.0,3.6256004867064,-76.6199156968775,2.6515818833319753,-2.2923596940839044
contaminacion_alta_SO2,0.6661167740821838,-0.2515745162963867,1.0,3.3865587896023075,-76.42605925856172,2.9014170979006875,1.3541254765243698
contaminacion_alta_SO2,0.6683744192123413,-0.23411990702152252,0.998046875,3.414855721052059,-76.35509235111526,2.526863232855273,0.910558370728143
contaminacion_alta_SO2,0.7688759565353394,-0.37644684314727783,0.9765625,3.5314570449307183,-76.36389584089976,-1.6240455826688704,-0.6428076211047183
contaminacion_alta_SO2,0.6518869400024414,-0.2609824538230896,1.0,3.6079935071376656,-76.42336431270932,1.0441467795894102,-0.22508988355526185
contaminacion_alta_SO2,0.7425754070281982,-0.17267581820487976,1.0,3.6383565637408912,-76.59700865713212,2.642034288511953,-2.35657529599545
contaminacion_alta_SO2,0.536020040512085,-0.06469130516052246,0.998291015625,3.3923978389490816,-76.43441359070415,0.3159457052939499,1.5583341989840689
suelo_urbano,0.26432737708091736,0.08855141699314117,1.0,3.474953013559627,-76.5194840481115,-1.8208408150259288,1.0180366601375086
suelo_urbano,0.13809461891651154,0.1619308441877365,0.99609375,3.421862580268188,-76.49603801919564,-1.4153530752070569,2.881126477451094
suelo_urbano,0.10194505751132965,0.1269337236881256,0.821044921875,3.421862580268188,-76.48498874120081,-2.019845909804508,4.2578847344650175
suelo_urbano,0.25841233134269714,0.055641889572143555,0.97265625,3.40596239973928,-76.52514343440153,-1.7351309503672128,-2.4714306072008414
suelo_urbano,0.09164896607398987,0.16635754704475403,0.978271484375,3.438122086910744,-76.52262815160596,-3.014778834277897,0.6692346903813291
suelo_urbano,0.12433023750782013,0.17524363100528717,1.0,3.418808308302183,-76.49837363893438,-0.9073927798604148,1.9732660063400036
suelo_urbano,0.11567515134811401,0.16292615234851837,1.0,3.416113362449826,-76.47825137656982,0.18758006223938845,3.4378513456651527
suelo_urbano,0.15982970595359802,0.056915417313575745,0.54052734375,3.536846936635433,-76.31251220664738,-1.4471318769384756,-1.0674055727505873
suelo_urbano,0.2652518153190613,0.23045969009399414,0.992919921875,3.3204427846911417,-76.32481912604,0.5979447985067677,1.9001135242572034
suelo_urbano,0.16366922855377197,0.10739776492118835,0.9765625,3.4362356248140937,-76.48211413229158,1.1362038491889839,0.9809324941327087
suelo_urbano,0.14900699257850647,0.06100182235240936,0.95751953125,3.4833073457019346,-76.48669554024066,-0.11071094999643341,1.7327606777367404
suelo_urbano,0.2801249623298645,0.15151526033878326,0.861083984375,3.3558364068854343,-76.40683531148129,-0.412808203909757,1.5631783387352254
suelo_urbano,0.18146327137947083,0.10280939191579819,0.97607421875,3.4434221470870465,-76.48930065456464,-0.6317362550991887,2.8146150789545206
suelo_urbano,0.25844284892082214,0.12766072154045105,1.0,3.458873169973895,-76.42408296493663,1.6828194993024033,1.6206941233314958
suelo_urbano,0.12269749492406845,0.13195529580116272,0.806640625,3.4355169725867984,-76.499810943389,0.25547991022413763,2.21684028513725
suelo_urbano,0.06850756704807281,0.05485653877258301,0.35009765625,3.497770221776252,-76.51651960767386,-3.038262917812543,-0.2900025777321972
suelo_urbano,0.14766870439052582,0.14262011647224426,1.0,3.4092861662905207,-76.50807544400301,-2.5233387933143674,-1.7389379153380178
suelo_urbano,0.22387519478797913,0.07533527910709381,0.99609375,3.474054698275508,-76.49280408417276,0.9178722130382131,3.423783235856164
suelo_urbano,0.05985436215996742,0.08851631730794907,0.830322265625,3.4525849629850613,-76.53215029361776,-3.7248950596556143,0.897609175144248
suelo_urbano,0.029130060225725174,0.15612885355949402,0.461669921875,3.4093759978189326,-76.49289391570117,-0.905840942534656,1.746096128307418
suelo_urbano,0.06278818100690842,0.08216458559036255,0.85986328125,3.434888151887915,-76.53825883754986,-2.859796969812338,-0.3823883161491148
suelo_urbano,0.2705644965171814,0.13590168952941895,1.0,3.3158613767421343,-76.38824018509975,0.5645822412490529,1.9517461984735835
suelo_urbano,0.2750009298324585,0.07454551011323929,0.9990234375,3.4923803300715375,-76.50241605771298,-2.3987757671543517,0.02466568831198353
suelo_urbano,0.22213022410869598,0.055422648787498474,0.851806640625,3.4542019304964757,-76.5351147340554,-2.974372034686035,0.48774048566676825
suelo_urbano,0.041741225868463516,0.05276327580213547,0.4599609375,3.427881292671786,-76.52783838025393,-2.929914451052741,-0.09172321759705089
suelo_urbano,0.2894970178604126,0.0516338087618351,1.0,3.5962255769157054,-76.44267809131817,-0.3819668713627618,-0.5428783884153159
suelo_urbano,0.1974419355392456,0.0911305621266365,0.998046875,3.4283304503138456,-76.5378096799078,-1.8328243580319328,0.7843322511257682
suelo_urbano,0.151605024933815,0.09839597344398499,0.95703125,3.492649824656773,-76.51050089527017,-3.296240615955395,-0.5745939394954992
suelo_urbano,0.18821167945861816,0.12784653902053833,0.955810546875,3.4147658895236472,-76.52945534776536,-3.216345639771012,-0.39719992067439214
suelo_urbano,0.18238601088523865,0.1397048830986023,0.9755859375,3.420874433455657,-76.51112971596906,-0.9673284118485017,-0.38861956355585625
suelo_urbano,0.10113009810447693,0.1327531486749649,0.92333984375,3.4663291868320836,-76.51077038985541,-2.820388733579006,0.3544229758638606
suelo_urbano,0.22780165076255798,0.1321260631084442,0.9931640625,3.4063217258529277,-76.34916347023999,0.7215272240961424,3.176762573531103
suelo_urbano,0.13940227031707764,0.07649514824151993,0.43505859375,3.430755901580967,-76.51130937902589,-2.2454256792012157,-0.16762340699342884
suelo_urbano,0.11547349393367767,0.1287958025932312,0.7001953125,3.424827020705781,-76.51669927073068,-2.4273909413700934,0.2746863838425241
suelo_urbano,0.28955793380737305,0.06911295652389526,0.88671875,3.4224015694386596,-76.3954267073728,-0.02851323347089164,0.6624554776448095
suelo_urbano,0.24075303971767426,0.10832156240940094,0.99365234375,3.4736055406334483,-76.48615655107018,1.4003580434299228,1.1239844370407368
suelo_urbano,0.2845364809036255,0.061047233641147614,1.0,3.3924876704774936,-76.5452656967661,-1.5771662308397165,1.2470239520807438
suelo_urbano,0.010694394819438457,0.05888336896896362,0.88916015625,3.423120221665955,-76.50475167745172,-5.331120284975853,-1.0168945675026162
suelo_urbano,0.25580576062202454,0.07104270905256271,0.98486328125,3.4762106549573937,-76.51184836819637,-2.5401311267616267,-0.6501566834803121
suelo_urbano,0.1548844277858734,0.08423052728176117,0.9462890625,3.4124302697849376,-76.52963501082219,-1.9982294040890185,-2.1331638643523547
suelo_urbano,0.171263188123703,0.10706370323896408,0.99609375,3.3905113768524315,-76.55936924672697,-2.1605337837126295,-0.18814276965814397
suelo_urbano,0.2893010377883911,0.10272183269262314,0.997314453125,3.5474470569880383,-76.30945793468133,-0.45713435564163896,1.0950693599170136
suelo_urbano,0.1926075518131256,0.09492038190364838,0.5439453125,3.405872568210868,-76.3458397036887,-0.18389034851480024,1.2187234030665983
suelo_urbano,0.1636049896478653,0.09395664930343628,0.852783203125,3.4662393553036717,-76.52918585318012,-2.9900880988365004,-0.5788245766697458
suelo_urbano,0.17177630960941315,0.1373303234577179,1.0,3.5853559619778643,-76.49271425264435,-2.26580812686509,-0.7017931652356685
suelo_urbano,0.12653516232967377,0.13221541047096252,0.931640625,3.4683054804571456,-76.50960257998604,-3.537975635442872,0.46420039464039764
suelo_urbano,0.19623801112174988,0.12245587259531021,1.0,3.3873672733580147,-76.55397935502218,-2.2886714493637297,-0.4322548430367353
suelo_urbano,0.22429245710372925,0.09400469064712524,0.98046875,3.3956317739719104,-76.51238735736685,-2.0643418218649727,-0.5880129576394806
suelo_urbano,0.13132184743881226,0.1500677913427353,1.0,3.4476442289224063,-76.51822640671371,-0.8588982839146856,0.9336993115270767
suelo_urbano,0.21083593368530273,0.11335662007331848,1.0,3.472797056877741,-76.48750402399638,1.5638319470258517,1.7002269895585582
suelo_urbano,0.1972479373216629,0.07540550827980042,0.8408203125,3.447105239751935,-76.48822267622369,-0.46307502485658375,1.688318486003512
suelo_urbano,0.22674983739852905,0.05923798680305481,1.0,3.5232823758452345,-76.49945161727534,-1.2983239927182644,0.6321015610955584
suelo_urbano,0.13776779174804688,0.12051518261432648,0.968994140625,3.4176404984328284,-76.50645847649157,-2.5782222274406257,1.542028307388765
suelo_urbano,0.12965437769889832,0.06067211925983429,0.85302734375,3.4664190183604955,-76.52415528758898,-2.3471044518637276,-0.326647962386621
suelo_urbano,0.02033684402704239,0.11880684643983841,0.576416015625,3.4483628811497016,-76.52370612994692,-3.8668628861579557,-0.5494529019509988
suelo_urbano,0.14206087589263916,0.058105528354644775,0.71630859375,3.4732462145198006,-76.48130564853587,-1.4036548876336397,2.867075803656367
suelo_urbano,0.1532452553510666,0.06015579029917717,0.76123046875,3.489954878804416,-76.49001930679195,-0.628412077170364,3.392317752452336
suelo_urbano,0.10569290816783905,0.12762875854969025,0.99072265625,3.434977983416327,-76.53673170156684,-2.266900372737255,1.335607415869717
suelo_urbano,0.22323164343833923,0.17059636116027832,0.978515625,3.3944639641025556,-76.44303741743182,0.7042051412258832,2.073240362599353
suelo_urbano,0.06787662953138351,0.06981417536735535,0.5634765625,3.440906864291513,-76.50079909020154,-3.3506226544946944,-0.08000843011563827
suelo_urbano,0.21538643538951874,0.11174969375133514,1.0,3.4785462746961033,-76.48885149692258,0.9191459403166082,2.4412344193449704
suelo_urbano,0.2565869987010956,0.08197136223316193,1.0,3.4045250952846895,-76.5194840481115,-1.6098655413498706,-1.0960602463371727
suelo_urbano,0.15944157540798187,0.12622562050819397,0.872314453125,3.3966199207844414,-76.38527574466211,0.5979253559542141,2.1905309175417207
suelo_urbano,0.22591853141784668,0.10839644074440002,0.997314453125,3.5762829776082614,-76.49280408417276,-1.6977968220618533,0.8737188293657847
suelo_urbano,0.1511758416891098,0.12027566134929657,0.9453125,3.477827622468808,-76.50690763413364,-2.7435620033348362,2.1914567506773617
suelo_urbano,0.21962785720825195,0.07926013320684433,1.0,3.4472849028087587,-76.48283278451889,1.6102514166488124,-0.504558300344471
suelo_urbano,0.13776461780071259,0.0691046491265297,0.33154296875,3.501632977497964,-76.48148531159269,-2.4512607387313756,0.7323941891870046
suelo_urbano,0.2709876596927643,0.0971938818693161,1.0,3.5220247344474678,-76.30487652673226,-1.7879750682765132,0.2727315979052566
suelo_urbano,0.18474748730659485,0.14669954776763916,0.85888671875,3.4156642048077663,-76.47322081097867,-0.10637777878720461,1.3175215854152404
suelo_urbano,0.07087460160255432,0.1664714813232422,0.9404296875,3.4403678751210416,-76.51535179780448,-1.8295783336636648,-0.4361518596993615
suelo_urbano,0.12704813480377197,0.12330466508865356,0.9755859375,3.447913723507642,-76.51687893378751,-1.8492919401408074,-0.8587871139977579
suelo_urbano,0.09681124240159988,0.1028403639793396,0.5810546875,3.3893435669830767,-76.55487767030631,-4.574190488077158,-1.122782161221359
suelo_urbano,0.23259451985359192,0.056436628103256226,0.94140625,3.4586036753886593,-76.46423765813735,-0.12803932197207796,1.297856740354798
suelo_urbano,0.1594768464565277,0.14381104707717896,0.97607421875,3.4224914009670715,-76.50825510705984,-2.6624325493092313,1.7090463845096968
suelo_urbano,0.13694339990615845,0.13663864135742188,0.9990234375,3.4415356849903964,-76.50520083509379,-1.7618555846968948,0.07305076919850369
suelo_urbano,0.28575849533081055,0.062377799302339554,1.0,3.4046149268131014,-76.52801804331075,-2.9401333532977496,0.3585632080770013
suelo_urbano,0.19923684000968933,0.06535013020038605,0.70263671875,3.387187610301191,-76.56233368716461,-4.042662084231163,2.2952218239421214
suelo_urbano,0.2090482860803604,0.11359149217605591,1.0,3.409914986989404,-76.53349776654396,-1.9334105609600232,-1.1183589644196752
suelo_urbano,0.19015946984291077,0.12222703546285629,1.0,3.4552799088374186,-76.48588705648494,-0.1840097313414077,2.789795660797985
suelo_urbano,0.1842634528875351,0.07931944727897644,0.81591796875,3.4705512686674433,-76.49199560041704,-0.5509911526306305,1.6485490263022926
suelo_urbano,0.1595972776412964,0.11918453872203827,0.94140625,3.4247371891773692,-76.4984634704628,-0.20490730618103625,0.9426953091973868
suelo_urbano,0.14964944124221802,0.12234688550233841,1.0,3.417011677733945,-76.48139548006428,-0.40334749261616937,1.8993883123600246
suelo_urbano,0.1694469451904297,0.09674341976642609,1.0,3.5351401375956066,-76.49594818766722,-0.6868870202139589,1.5380816786773246
suelo_urbano,0.2133832573890686,0.08306771516799927,0.991943359375,3.466868176002555,-76.48453958355874,-1.1575420940894818,2.587502873046797
suelo_urbano,0.2734260559082031,0.08410709351301193,1.0,3.4816005466621083,-76.50349403605394,-1.4544210080568902,-1.4722568925249524
suelo_urbano,0.1787106692790985,0.1185310035943985,1.0,3.421054096512481,-76.51696876531592,-0.8042798550787199,0.9142736204303074
suelo_urbano,0.09969303756952286,0.09960563480854034,0.634765625,3.414855721052059,-76.49469054626944,-1.1570898056210535,3.0828048095507974
suelo_urbano,0.16351330280303955,0.1226697489619255,1.0,3.409825155460992,-76.47870053421188,1.1863218974092749,1.5298188112597857
suelo_urbano,0.21458232402801514,0.06644165515899658,1.0,3.488697237406649,-76.48651587718383,-1.3935411980632262,3.686911981421258
suelo_urbano,0.10928475856781006,0.17305408418178558,0.98681640625,3.4223117379102477,-76.52280781466278,-2.5203020714307964,0.015839646017630406
suelo_urbano,0.22306564450263977,0.10584890842437744,1.0,3.5909255167394027,-76.49280408417276,-2.2109427073708123,-0.10518928373909486
suelo_urbano,0.29827868938446045,0.0930512398481369,1.0,3.5210365876349368,-76.49397189404213,-1.875458075771827,1.143596967708965
suelo_urbano,0.08259004354476929,0.16202512383460999,0.8994140625,3.41207094367129,-76.49136677971815,-0.28806801289375056,2.28780920972871
suelo_urbano,0.22830244898796082,0.07942637801170349,0.9970703125,3.388265588642134,-76.55218272445391,-3.892647518932983,1.2942883272340773
suelo_urbano,0.1919611394405365,0.10289429128170013,1.0,3.4183591506601236,-76.51427381946353,-2.091937395700835,0.2424491326584878
suelo_urbano,0.22455865144729614,0.08997218310832977,0.95703125,3.479085263866575,-76.50250588924139,-2.2246913211841144,0.248789332422889
suelo_urbano,0.268390417098999,0.06009773164987564,1.0,3.4022793070743917,-76.38401810326432,1.2380853389989455,1.551225950142351
suelo_urbano,0.2677980065345764,0.0806904286146164,1.0,3.4383915814959796,-76.54418771842514,-1.2277949537334765,-2.4388839964022235
suelo_urbano,0.23585891723632812,0.0530259907245636,1.0,3.4752225081448627,-76.50358386758235,-1.5829815543457042,-2.630311437495188
suelo_urbano,0.15199869871139526,0.1475488394498825,1.0,3.412160775199702,-76.50268555229822,-1.5757649738635857,1.061045052004932
suelo_urbano,0.12526026368141174,0.12341555207967758,0.82421875,3.4135980796542924,-76.475466599189,0.8922493817792302,3.6135800193710392
suelo_urbano,0.12909112870693207,0.1468944549560547,1.0,3.4352474780015627,-76.53709102768049,-2.085706988378625,-0.08528505441325014
suelo_urbano,0.2747231721878052,0.07647879421710968,0.96240234375,3.42383887389325,-76.46738176163181,-1.4155235971924893,2.324074061290914
suelo_urbano,0.22316968441009521,0.11246626824140549,0.9716796875,3.5569691989997008,-76.38644355453148,-2.4417683859553154,1.6454220505112689
suelo_urbano,0.16625146567821503,0.08887596428394318,0.7802734375,3.439918717478982,-76.49388206251372,1.0559705056029574,1.9292174401380118
suelo_urbano,0.187950998544693,0.12180250883102417,1.0,3.5782592712333234,-76.49181593736022,-1.782906042238391,-0.3802452053989194
suelo_urbano,0.1852221041917801,0.06435500085353851,0.8701171875,3.4673173336446146,-76.48992947526354,0.2413757965299728,1.9594582560956368
suelo_urbano,0.20719176530838013,0.10677854716777802,0.98876953125,3.475761497315334,-76.48471924661557,-0.4396510580378094,1.649494159664825
suelo_urbano,0.21757441759109497,0.1123255044221878,1.0,3.4167421831487093,-76.56413031773288,-2.2902314521395106,1.8338344675223084
suelo_urbano,0.11570395529270172,0.141681969165802,1.0,3.4097353239325803,-76.510680558327,-1.632280777384516,1.1966276996829088
suelo_urbano,0.13664349913597107,0.15438047051429749,1.0,3.4173710038475926,-76.5059194873211,-3.16997886783746,0.7334701036590512
suelo_urbano,0.11587349325418472,0.17326876521110535,1.0,3.43982888595057,-76.52505360287311,-2.2632253677520686,1.2870838221905536
suelo_urbano,0.19797509908676147,0.0936884880065918,1.0,3.4015606548470965,-76.46154271228495,0.9810612219177696,1.4344617056843805
suelo_urbano,0.22519108653068542,0.06483843922615051,0.87060546875,3.4012911602618607,-76.45426635848348,-1.3256043028656812,0.029172740852814502
suelo_urbano,0.06528058648109436,0.11812619864940643,0.5048828125,3.444949283070049,-76.53843850060669,-2.6861352255577335,-0.6049189914761997
suelo_urbano,0.22368746995925903,0.08366137742996216,0.9326171875,3.458963001502307,-76.48786335011003,0.7515837331861995,2.6918366215067797
suelo_urbano,0.24152472615242004,0.08079133927822113,0.957763671875,3.4731563829913887,-76.49388206251372,0.36987702173122405,2.722845974694282
suelo_urbano,0.11886356770992279,0.11176314204931259,0.7333984375,3.4327321952060292,-76.51625011308862,-1.6627891205509477,0.7791899660457028
suelo_urbano,0.2499222457408905,0.0546393096446991,0.83740234375,3.3325700410267496,-76.45812911420525,0.05331621262792931,1.941735147129868
suelo_urbano,0.06756862998008728,0.1351766437292099,0.81298828125,3.446745913638287,-76.53484523947016,-5.6491753557246955,2.2596348646419404
suelo_urbano,0.1571633368730545,0.14312922954559326,0.9990234375,3.493997297582952,-76.49316341028641,-1.124324070808297,2.65206614567258
suelo_urbano,0.2667429447174072,0.05644262954592705,0.85498046875,3.3486498846124815,-76.45327821167093,-0.06375354268429956,-0.4097668279665848
suelo_urbano,0.1937040090560913,0.1207280308008194,1.0,3.586613603375631,-76.48849217080893,-1.6317970358420544,0.6734605456575941
suelo_urbano,0.2640237808227539,0.16058991849422455,0.69189453125,3.5760134830230257,-76.34188711643851,-0.8907372514150806,-1.2180590248003549
suelo_urbano,0.07576869428157806,0.16697511076927185,0.97900390625,3.4476442289224063,-76.5330486089019,-2.261631469294944,1.3156638402247702
suelo_urbano,0.1886325478553772,0.08296242356300354,1.0,3.3856604743181884,-76.55856076297125,-2.2393033855405826,1.1155850785948458
suelo_urbano,0.13870105147361755,0.1271514594554901,1.0,3.4313847222798506,-76.52604174968566,-2.4114111746739733,1.9807844062274935
suelo_urbano,0.19626422226428986,0.27100056409835815,0.59375,3.3962605946707938,-76.44779848843773,-2.0904950906076816,2.5419357675227188
suelo_urbano,0.16405749320983887,0.2258886694908142,1.0,3.32412587735603,-76.3167342884828,1.0830506386231649,2.850824872708832
suelo_urbano,0.20721733570098877,0.0986870601773262,1.0,3.409825155460992,-76.53340793501555,-1.8917033051689056,0.370383550385723
suelo_urbano,0.18912231922149658,0.09027418494224548,0.99951171875,3.4065912204381634,-76.4740292947344,-0.8562814077322618,-1.512886504311775
suelo_urbano,0.20235151052474976,0.07777775824069977,0.93212890625,3.473875035218684,-76.49325324181483,-1.7069784530075383,4.075539558304896
suelo_urbano,0.28478866815567017,0.10413558036088943,0.802734375,3.335983639106402,-76.45336804319935,0.5051316276649466,1.113375714783126
suelo_urbano,0.09160970151424408,0.1674567610025406,1.0,3.442074674160868,-76.51598061850338,-1.3506959148841629,0.7175540988054908
suelo_urbano,0.15396150946617126,0.1424068808555603,1.0,3.4314745538082625,-76.50888392775873,-0.28802838258888075,1.2545431267674187
suelo_urbano,0.0906832292675972,0.15633511543273926,0.80908203125,3.4222219063818358,-76.48498874120081,-0.8865124290355886,0.3045492031460248
suelo_urbano,0.0665048137307167,0.107062429189682,0.4228515625,3.410004818517816,-76.49828380740597,-0.5323843884825248,1.6069582143572918
suelo_urbano,0.24397623538970947,0.07673158496618271,1.0,3.5650540365567727,-76.49621768225246,-1.522346728898041,0.18719573933836234
suelo_urbano,0.1714637279510498,0.11980810761451721,1.0,3.375958669249702,-76.46037490241558,-2.0713230350923126,1.0025126902399015
suelo_urbano,0.03503970801830292,0.1218518614768982,0.4208984375,3.4412661904051607,-76.51391449334987,-3.153675934066929,0.17601869685434793
suelo_urbano,0.2112196683883667,0.08081479370594025,0.970703125,3.4445899569564014,-76.4835514367462,0.4302584092562765,2.140863293918894
suelo_urbano,0.22969666123390198,0.10933227092027664,1.0,3.410813302273523,-76.53538422864064,-1.9618585631809102,0.8204810222417234
suelo_urbano,0.22391663491725922,0.10433686524629593,1.0,3.42994741782526,-76.48723452941114,1.9911260511192077,2.3216886029386083
suelo_urbano,0.044959209859371185,0.05617556720972061,0.302734375,3.425186346819429,-76.50421268828124,-3.2135142751167307,1.647912793436994
suelo_urbano,0.11122529953718185,0.09957949072122574,0.7978515625,3.4197066235863023,-76.5331384404303,-2.665633293061083,-0.06043351197092423
suelo_urbano,0.23641788959503174,0.14330340921878815,1.0,3.5493335190846884,-76.31161389136325,-0.9790345581573342,-0.16314049239747935
suelo_urbano,0.25689831376075745,0.051562998443841934,0.75927734375,3.4226710640238953,-76.46423765813735,0.3757630995684174,2.1729595297506976
suelo_urbano,0.1483049988746643,0.11868104338645935,0.96142578125,3.42617449363196,-76.50520083509379,-2.648641374048631,-0.4652900584452741
suelo_urbano,0.24406619369983673,0.05848507583141327,0.72998046875,3.435876298700446,-76.48328194216096,1.0868289446613264,0.9522115800851539
suelo_urbano,0.1649351716041565,0.0512123703956604,0.67236328125,3.5822118584834475,-76.49837363893438,-1.2203293843144074,0.8046911627416754
suelo_urbano,0.232761949300766,0.06528918445110321,1.0,3.4106336392166994,-76.47726322975727,0.30444845490559486,1.931043522230422
suelo_urbano,0.19040581583976746,0.12048886716365814,1.0,3.442074674160868,-76.49531936696833,-1.9837175720217317,2.853058950277773
suelo_urbano,0.1089811697602272,0.09882040321826935,0.6826171875,3.4167421831487093,-76.48633621412701,-0.6802561390962082,0.8681848410649492
suelo_urbano,0.17580458521842957,0.07318052649497986,0.94091796875,3.46381390403655,-76.51669927073068,-3.778029933585126,1.0124336588719316
suelo_urbano,0.17747558653354645,0.11166082322597504,1.0,3.4197066235863023,-76.56404048620446,-2.7479070470108424,0.2252933362108602
suelo_urbano,0.13346746563911438,0.11128614842891693,0.839599609375,3.4286897764274933,-76.5127466834805,-4.922692232979812,3.345944538679153
suelo_urbano,0.1428425908088684,0.08260544389486313,1.0,3.533613001612604,-76.49639734530929,-0.40926110777025093,0.4170231491153627
suelo_urbano,0.08880579471588135,0.19635972380638123,0.962890625,3.4133285850690567,-76.49190576888863,0.2614950432035174,0.42840950501725766
suelo_urbano,0.17399966716766357,0.13895507156848907,1.0,3.427162640444491,-76.48894132845099,1.4643263903717045,0.9568339045927531
suelo_urbano,0.20941860973834991,0.09124773740768433,0.98046875,3.471090257837915,-76.48382093133144,-0.42980961709316245,3.257003971903907
suelo_urbano,0.1788320243358612,0.09249160438776016,0.99951171875,3.421143928040893,-76.53933681589082,-3.2846076568637907,0.15441038088432263
suelo_urbano,0.23773270845413208,0.06273812800645828,0.9892578125,3.4274321350297265,-76.55065558847089,-1.3307025428411603,0.6449068893472578
suelo_urbano,0.11588454246520996,0.11064409464597702,0.95068359375,3.43982888595057,-76.50268555229822,-2.204955687788971,0.2848128180444301
suelo_urbano,0.18930783867835999,0.13134020566940308,1.0,3.403896274585806,-76.47097502276834,0.946885174319091,1.4394413150948095
suelo_urbano,0.23776715993881226,0.12311384826898575,1.0,3.5759236514946138,-76.49397189404213,-0.7936240348981336,-0.43849406413468245
suelo_urbano,0.10898290574550629,0.1614205241203308,1.0,3.4722580677072696,-76.50780594941777,-1.9922836839509335,-0.7682692208678976
suelo_urbano,0.1799735277891159,0.14097777009010315,1.0,3.4222219063818358,-76.50439235133807,-3.165131123978415,0.536937911172456
suelo_urbano,0.17925122380256653,0.093602754175663,0.9970703125,3.492829487713597,-76.4890311599794,0.7309137603115154,2.8193729565552337
suelo_urbano,0.1738136261701584,0.08198464661836624,0.922607421875,3.4892362265771206,-76.51032123221334,-2.8544207495138045,2.420604343906368
suelo_urbano,0.15098845958709717,0.09724389761686325,0.682373046875,3.4247371891773692,-76.49873296504803,-1.4442424437073162,2.0604569338117606
suelo_urbano,0.27242714166641235,0.11657998710870743,1.0,3.3737128810394044,-76.50547032967903,-1.8231777476397848,0.6210098291230663
suelo_urbano,0.20114794373512268,0.08669117838144302,1.0,3.4115319545008185,-76.51589078697496,-0.8270516885863662,0.15137397453386517
suelo_urbano,0.12435194104909897,0.14799129962921143,0.93505859375,3.411801449086054,-76.47726322975727,1.135057879800417,1.9003765387861429
suelo_urbano,0.09365403652191162,0.16197773814201355,0.974609375,3.4153947102225306,-76.49046846443402,0.21059961469344926,2.296907613411687
suelo_urbano,0.18911105394363403,0.18871456384658813,1.0,3.3907808714376673,-76.3092782716245,2.0810891275604004,1.1530917026426875
suelo_urbano,0.27875572443008423,0.07140535861253738,1.0,3.4832175141735227,-76.45803928267684,0.00527008447377601,2.8824262149161846
suelo_urbano,0.18307176232337952,0.12049967050552368,1.0,3.390241882267196,-76.55514716489155,-2.4468307826908724,0.434912078620906
suelo_urbano,0.14478138089179993,0.15772195160388947,1.0,3.4256355044614883,-76.47079535971152,-0.3468698812315779,1.909566194233274
suelo_urbano,0.16940584778785706,0.056608375161886215,0.60595703125,3.4662393553036717,-76.49460071474103,1.1660284713912101,1.9922833540255758
suelo_urbano,0.23028497397899628,0.07239629328250885,0.918212890625,3.3877265994716623,-76.55227255598233,-2.1001697183187296,0.4195822595487671
suelo_urbano,0.12676118314266205,0.07245156913995743,0.379150390625,3.45204597381459,-76.49675667142294,-0.22237814285520943,2.4071544159001808
suelo_urbano,0.13133971393108368,0.09556446969509125,0.88818359375,3.418808308302183,-76.50367369911076,-2.3020709985423715,-1.8403406338045625
suelo_urbano,0.12009311467409134,0.15964838862419128,1.0,3.42006594969995,-76.499810943389,2.2984141299619423,1.3940436249587917
suelo_urbano,0.23121066391468048,0.11242839694023132,0.998046875,3.4895955526907683,-76.49693633447977,0.2514167570431825,1.8570839761189626
suelo_urbano,0.13426125049591064,0.16247230768203735,1.0,3.4093759978189326,-76.49945161727534,0.33011233541187895,2.5864079592298315
suelo_urbano,0.2229728102684021,0.07137705385684967,0.9697265625,3.3873672733580147,-76.5527217136244,-2.3854401047031035,-0.5053193247993686
suelo_urbano,0.19927948713302612,0.127630814909935,1.0,3.576642303721909,-76.49478037779785,-1.6160149119754321,0.9839548327154991
suelo_urbano,0.14398743212223053,0.05959894508123398,0.65576171875,3.4683054804571456,-76.48777351858162,0.546357468596142,1.9376001264221077
suelo_urbano,0.2814614772796631,0.0537162721157074,1.0,3.4844751555712894,-76.49496004085468,-0.14291078846662186,2.082308176745887
suelo_urbano,0.12205874919891357,0.14681598544120789,0.99169921875,3.422132074853424,-76.49585835613881,0.2888569369708955,2.639654350304594
suelo_urbano,0.20560553669929504,0.10638822615146637,0.86328125,3.5571488620565246,-76.38311978798019,-1.1449886626508194,1.442474374761933
suelo_urbano,0.17243066430091858,0.0683344379067421,0.9208984375,3.4232998847227787,-76.54014529964654,-2.0515205874938154,0.18641546459377573
suelo_urbano,0.1982898712158203,0.07692851126194,0.953125,3.4785462746961033,-76.52478410828788,-2.642161761754046,-0.4690853221522104
suelo_urbano,0.2834857106208801,0.05623955279588699,0.3193359375,3.4940871291113638,-76.38833001662816,-0.376284690921559,1.5559671345351633
suelo_urbano,0.27569779753685,0.0687519758939743,1.0,3.4652512084911407,-76.5317011359757,-0.33386199986707155,-0.25408334236298863
suelo_urbano,0.18906155228614807,0.08102618157863617,0.98681640625,3.5054957332196763,-76.51571112391814,-1.98469856703439,1.78627499060954
suelo_urbano,0.23128995299339294,0.06422320753335953,1.0,3.429049102541141,-76.49280408417276,0.3045571934030033,3.4610377130196603
suelo_urbano,0.19756487011909485,0.10858455300331116,1.0,3.4105438076882875,-76.5331384404303,-1.770469515432643,1.329377566342305
suelo_urbano,0.058116015046834946,0.07891809940338135,0.68310546875,3.4347084888310913,-76.50547032967903,-2.425217779184378,0.7855783651114413
suelo_urbano,0.19698292016983032,0.08963139355182648,1.0,3.40596239973928,-76.396774180299,1.1524258902549054,1.8933777311387627
suelo_urbano,0.18278267979621887,0.12118388712406158,1.0,3.4186286452453594,-76.4937922309853,1.5374700305118782,0.8277421855333266
suelo_urbano,0.14819952845573425,0.13977327942848206,0.91162109375,3.4315643853366744,-76.5052906666222,-2.5498329973173997,0.4967986512311893
suelo_urbano,0.24303928017616272,0.0651918351650238,0.98681640625,3.464891882377493,-76.52235865702072,-0.5643545441091968,0.04842436749104935
suelo_urbano,0.2063380926847458,0.10033881664276123,1.0,3.429138934069553,-76.4944210516842,1.4440345122493137,2.2498438095893576
suelo_urbano,0.25980812311172485,0.08644723147153854,0.997802734375,3.4493510279622326,-76.47861070268347,1.5991634043491185,1.5183585433214815
suelo_urbano,0.11900375038385391,0.1049237996339798,0.81201171875,3.4425238318029274,-76.53547406016905,-5.475038295316679,2.0488870218245556
suelo_urbano,0.1793537735939026,0.12591443955898285,0.9765625,3.4112624599155827,-76.47456828390487,1.0708149588704154,3.555725233947289
suelo_urbano,0.18650993704795837,0.09879803657531738,0.947509765625,3.4284202818422576,-76.4726818218082,0.22528483704714952,2.720680715721548
suelo_urbano,0.009507672861218452,0.12733079493045807,0.606689453125,3.459861316786426,-76.51472297710559,-3.1919404408306526,0.7454055202208927
suelo_urbano,0.20324432849884033,0.0755988210439682,0.956298828125,3.4294084286547886,-76.49469054626944,-0.4932312919079772,3.493582257111559
suelo_urbano,0.27472829818725586,0.11712394654750824,0.4521484375,3.4662393553036717,-76.44986461359123,-1.6622633319556377,-0.059616088418209846
suelo_urbano,0.29706448316574097,0.05707233399152756,0.994140625,3.4831276826451107,-76.50942291692921,-2.41415718533904,-0.5766477729376372
suelo_urbano,0.17960505187511444,0.13149556517601013,0.6875,3.584816972807393,-76.45345787472776,-0.8870576231259284,-1.8853630502857597
suelo_urbano,0.1778637319803238,0.15800794959068298,1.0,3.536846936635433,-76.30873928245403,0.02814884663467025,0.7104456873386618
suelo_urbano,0.251582533121109,0.07453250885009766,1.0,3.4352474780015627,-76.47196316958089,0.15442743602091136,2.4007466625136185
suelo_urbano,0.07135659456253052,0.07422491163015366,0.6376953125,3.4505188378315874,-76.51077038985541,-3.259626672475215,0.6665333604664867
suelo_urbano,0.2516549229621887,0.06931332498788834,0.998046875,3.514748380646103,-76.51975354269673,-0.5069273411268755,0.05226332437093873
suelo_urbano,0.16339920461177826,0.15275616943836212,1.0,3.4195269605294785,-76.47025637054104,0.22566199891245464,2.518687997875616
suelo_urbano,0.09251926094293594,0.17036429047584534,1.0,3.4476442289224063,-76.53277911431665,-0.8969094271341846,-0.5571112639608027
suelo_urbano,0.07909137010574341,0.11287909746170044,0.930419921875,3.4255456729330764,-76.52613158121407,-1.8302418151854172,0.8555979888460085
suelo_urbano,0.257371187210083,0.10358399152755737,0.9990234375,3.419796455114714,-76.46836990844436,1.150645675189111,1.2396965651822005
suelo_urbano,-0.017549341544508934,0.06728140264749527,0.30322265625,3.4516866477009422,-76.51157887361113,-3.7208773185615054,1.8691575429300273
suelo_urbano,0.08059079200029373,0.15610665082931519,1.0,3.4364152878709175,-76.53134180986204,-3.17729391540634,0.8925671703024187
suelo_urbano,0.1751955896615982,0.0959850624203682,1.0,3.5082805106004455,-76.51705859684434,0.40529083323561116,0.327462133111926
suelo_urbano,0.2529807686805725,0.08764354884624481,1.0,3.4636342409797263,-76.48678537176907,1.2870052534982617,0.8280642759276821
suelo_urbano,0.2533007264137268,0.0869443267583847,0.9951171875,3.5649642050283608,-76.49028880137719,-1.9547932393684935,-1.2612864060058504
suelo_urbano,0.23830464482307434,0.05824343487620354,0.98779296875,3.486720943781587,-76.5134653357078,-1.84672098734762,0.9684234435321555
suelo_urbano,0.023624051362276077,0.09951020032167435,0.53955078125,3.422042243325012,-76.52397562453216,-4.790365177068195,3.098687791924331
suelo_urbano,0.2696292996406555,0.06608618795871735,1.0,3.4694732903265004,-76.5154416293329,-2.851722279730479,0.41130496340723016
suelo_urbano,0.24220876395702362,0.06265995651483536,1.0,3.4974108956626044,-76.47429878931963,0.12322529853795941,1.6500880381963288
